base	alloc	r1	27640804172	2471789197	336423	25168678552	rc=0
s1	alloc	r1	22698164771	2427809529	336509	20270018733	rc=0
r3	alloc	r1	22797730250	2451849267	343149	20345537834	rc=0
base	alloc	r2	27640804172	2471789197	336423	25168678552	rc=0
s1	alloc	r2	22698164771	2427809529	336509	20270018733	rc=0
r3	alloc	r2	22797730250	2451849267	343149	20345537834	rc=0
base	alloc	r3	27640804172	2471789197	336423	25168678552	rc=0
s1	alloc	r3	22698164771	2427809529	336509	20270018733	rc=0
r3	alloc	r3	22797730250	2451849267	343149	20345537834	rc=0
base	alloc4c	r1	3792532414	567800830	336437	3224395147	rc=0
s1	alloc4c	r1	3744654597	567819148	336495	3176498954	rc=0
r3	alloc4c	r1	3708853300	567818876	342990	3140691434	rc=0
base	alloc4c	r2	3792532414	567800830	336437	3224395147	rc=0
s1	alloc4c	r2	3744654597	567819148	336495	3176498954	rc=0
r3	alloc4c	r2	3708853565	567818996	343135	3140691434	rc=0
base	alloc4c	r3	3792532414	567800830	336437	3224395147	rc=0
s1	alloc4c	r3	3744654597	567819148	336495	3176498954	rc=0
r3	alloc4c	r3	3708853565	567818996	343135	3140691434	rc=0
base	arith	r1	12128189510	607792839	336423	11520060248	rc=0
s1	arith	r1	12107379226	608876786	336509	11498165931	rc=0
r3	arith	r1	12098699212	609497478	343149	11488858585	rc=0
base	arith	r2	12128189510	607792839	336423	11520060248	rc=0
s1	arith	r2	12107379226	608876786	336509	11498165931	rc=0
r3	arith	r2	12098699212	609497478	343149	11488858585	rc=0
base	arith	r3	12128189510	607792839	336423	11520060248	rc=0
s1	arith	r3	12107379226	608876786	336509	11498165931	rc=0
r3	arith	r3	12098699212	609497478	343149	11488858585	rc=0
base	assign	r1	19700440293	62546248	336437	19637557608	rc=0
s1	assign	r1	18903337188	62584943	336509	18840415736	rc=0
r3	assign	r1	19046538027	62595032	343149	18983599846	rc=0
base	assign	r2	19700440293	62546248	336437	19637557608	rc=0
s1	assign	r2	18903337188	62584943	336509	18840415736	rc=0
r3	assign	r2	19046538027	62595032	343149	18983599846	rc=0
base	assign	r3	19700440293	62546248	336437	19637557608	rc=0
s1	assign	r3	18903337188	62584943	336509	18840415736	rc=0
r3	assign	r3	19046538027	62595032	343149	18983599846	rc=0
base	compound	r1	9704344636	432396894	336437	9271611305	rc=0
s1	compound	r1	9622695795	435329697	336509	9187029589	rc=0
r3	compound	r1	9351035794	413194110	343149	8937498535	rc=0
base	compound	r2	9704344636	432396894	336437	9271611305	rc=0
s1	compound	r2	9622695795	435329697	336509	9187029589	rc=0
r3	compound	r2	9351035794	413194110	343149	8937498535	rc=0
base	compound	r3	9704344636	432396894	336437	9271611305	rc=0
s1	compound	r3	9622695795	435329697	336509	9187029589	rc=0
r3	compound	r3	9351035794	413194110	343149	8937498535	rc=0
base	decloop	r1	2653239669	87727419	336437	2565175813	rc=0
s1	decloop	r1	2624126617	87740931	336495	2536049191	rc=0
r3	decloop	r1	2557119785	87765350	343135	2469011300	rc=0
base	decloop	r2	2653239669	87727419	336437	2565175813	rc=0
s1	decloop	r2	2624126617	87740931	336495	2536049191	rc=0
r3	decloop	r2	2557119785	87765350	343135	2469011300	rc=0
base	decloop	r3	2653239669	87727419	336437	2565175813	rc=0
s1	decloop	r3	2624126617	87740931	336495	2536049191	rc=0
r3	decloop	r3	2557119785	87765350	343135	2469011300	rc=0
base	decrender	r1	4798353267	449620453	336423	4348396391	rc=0
s1	decrender	r1	4726893521	449641874	336509	4276915138	rc=0
r3	decrender	r1	4678475216	449804796	343149	4228327271	rc=0
base	decrender	r2	4798353267	449620453	336423	4348396391	rc=0
s1	decrender	r2	4726893521	449641874	336509	4276915138	rc=0
r3	decrender	r2	4678475216	449804796	343149	4228327271	rc=0
base	decrender	r3	4798353267	449620453	336423	4348396391	rc=0
s1	decrender	r3	4726893521	449641874	336509	4276915138	rc=0
r3	decrender	r3	4678475216	449804796	343149	4228327271	rc=0
base	dispatch	r1	22836264725	2352643346	336437	20483284942	rc=0
s1	dispatch	r1	22811842713	2317655957	336509	20493850247	rc=0
r3	dispatch	r1	22582568698	1772722199	343149	20809503350	rc=0
base	dispatch	r2	22836264725	2352643346	336437	20483284942	rc=0
s1	dispatch	r2	22811842713	2317655957	336509	20493850247	rc=0
r3	dispatch	r2	22582568698	1772722199	343149	20809503350	rc=0
base	dispatch	r3	22836264725	2352643346	336437	20483284942	rc=0
s1	dispatch	r3	22811842713	2317655957	336509	20493850247	rc=0
r3	dispatch	r3	22582568698	1772722199	343149	20809503350	rc=0
base	dispatchclass	r1	17705062766	1854530553	336423	15850195790	rc=0
s1	dispatchclass	r1	17317451199	1826581824	336509	15490532866	rc=0
r3	dispatchclass	r1	17433883211	1638604437	343149	15794935625	rc=0
base	dispatchclass	r2	17705062766	1854530553	336423	15850195790	rc=0
s1	dispatchclass	r2	17317451199	1826581824	336509	15490532866	rc=0
r3	dispatchclass	r2	17433883211	1638604437	343149	15794935625	rc=0
base	dispatchclass	r3	17705062766	1854530553	336423	15850195790	rc=0
s1	dispatchclass	r3	17317451199	1826581824	336509	15490532866	rc=0
r3	dispatchclass	r3	17433883211	1638604437	343149	15794935625	rc=0
base	emptyloop	r1	9370857506	62422574	336423	9308098509	rc=0
s1	emptyloop	r1	9322310088	62463400	336509	9259510179	rc=0
r3	emptyloop	r1	7848911965	62468489	343149	7786100327	rc=0
base	emptyloop	r2	9370857506	62422574	336423	9308098509	rc=0
s1	emptyloop	r2	9322310088	62463400	336509	9259510179	rc=0
r3	emptyloop	r2	7848911700	62468369	343004	7786100327	rc=0
base	emptyloop	r3	9370857506	62422574	336423	9308098509	rc=0
s1	emptyloop	r3	9322310088	62463400	336509	9259510179	rc=0
r3	emptyloop	r3	7848911965	62468489	343149	7786100327	rc=0
base	extcall	r1	9772345176	1490673950	411600	8281259626	rc=0
s1	extcall	r1	9514526641	1283689647	411658	8230425336	rc=0
r3	extcall	r1	9136769822	1583709573	418257	7552641992	rc=0
base	extcall	r2	9772345176	1490673950	411600	8281259626	rc=0
s1	extcall	r2	9514526641	1283689647	411658	8230425336	rc=0
r3	extcall	r2	9136769822	1583709573	418257	7552641992	rc=0
base	extcall	r3	9772345176	1490673950	411600	8281259626	rc=0
s1	extcall	r3	9514526641	1283689647	411658	8230425336	rc=0
r3	extcall	r3	9136769822	1583709573	418257	7552641992	rc=0
base	fibcall	r1	9373095919	1027072959	336437	8345686523	rc=0
s1	fibcall	r1	9191703389	866630595	336495	8324736299	rc=0
r3	fibcall	r1	9043757712	630133640	343135	8413280937	rc=0
base	fibcall	r2	9373095919	1027072959	336437	8345686523	rc=0
s1	fibcall	r2	9191703389	866630595	336495	8324736299	rc=0
r3	fibcall	r2	9043757712	630133640	343135	8413280937	rc=0
base	fibcall	r3	9373095919	1027072959	336437	8345686523	rc=0
s1	fibcall	r3	9191703389	866630595	336495	8324736299	rc=0
r3	fibcall	r3	9043757712	630133640	343135	8413280937	rc=0
base	fibfunc	r1	9016396545	1027148239	336437	7988911869	rc=0
s1	fibfunc	r1	9007583384	868279422	336495	8138967467	rc=0
r3	fibfunc	r1	8857157630	628523172	343135	8228291323	rc=0
base	fibfunc	r2	9016396545	1027148239	336437	7988911869	rc=0
s1	fibfunc	r2	9007583384	868279422	336495	8138967467	rc=0
r3	fibfunc	r2	8857157630	628523172	343135	8228291323	rc=0
base	fibfunc	r3	9016396545	1027148239	336437	7988911869	rc=0
s1	fibfunc	r3	9007583384	868279422	336495	8138967467	rc=0
r3	fibfunc	r3	8857157630	628523172	343135	8228291323	rc=0
base	heapshape	r1	3634222852	355252093	336453	3278634306	rc=0
s1	heapshape	r1	2501655594	127363276	336539	2373955779	rc=0
r3	heapshape	r1	2461779537	127367660	343179	2334068698	rc=0
base	heapshape	r2	3634222852	355252093	336453	3278634306	rc=0
s1	heapshape	r2	2501655594	127363276	336539	2373955779	rc=0
r3	heapshape	r2	2461779537	127367660	343179	2334068698	rc=0
base	heapshape	r3	3634222852	355252093	336453	3278634306	rc=0
s1	heapshape	r3	2501655594	127363276	336539	2373955779	rc=0
r3	heapshape	r3	2461779537	127367660	343179	2334068698	rc=0
base	nop	r1	9500109332	62472619	336437	9437300276	rc=0
s1	nop	r1	9303029038	62535571	336495	9240156972	rc=0
r3	nop	r1	9346245078	62560865	343135	9283341078	rc=0
base	nop	r2	9500109332	62472619	336437	9437300276	rc=0
s1	nop	r2	9303029038	62535571	336495	9240156972	rc=0
r3	nop	r2	9346245078	62560865	343135	9283341078	rc=0
base	nop	r3	9500109332	62472619	336437	9437300276	rc=0
s1	nop	r3	9303029038	62535571	336495	9240156972	rc=0
r3	nop	r3	9346245078	62560865	343135	9283341078	rc=0
base	parse	r1	1644866302	102543064	336423	1541986815	rc=0
s1	parse	r1	1636931665	102566837	336509	1534028319	rc=0
r3	parse	r1	1639277243	102597000	343149	1536337094	rc=0
base	parse	r2	1644866302	102543064	336423	1541986815	rc=0
s1	parse	r2	1636931665	102566837	336509	1534028319	rc=0
r3	parse	r2	1639277243	102597000	343149	1536337094	rc=0
base	parse	r3	1644866302	102543064	336423	1541986815	rc=0
s1	parse	r3	1636931665	102566837	336509	1534028319	rc=0
r3	parse	r3	1639277243	102597000	343149	1536337094	rc=0
base	sayloop	r1	187775159	72625248	336437	114813474	rc=0
s1	sayloop	r1	187732054	72680687	336495	114714872	rc=0
r3	sayloop	r1	182098424	72706531	343135	109048758	rc=0
base	sayloop	r2	187775159	72625248	336437	114813474	rc=0
s1	sayloop	r2	187732054	72680687	336495	114714872	rc=0
r3	sayloop	r2	182098424	72706531	343135	109048758	rc=0
base	sayloop	r3	187775159	72625248	336437	114813474	rc=0
s1	sayloop	r3	187732054	72680687	336495	114714872	rc=0
r3	sayloop	r3	182098424	72706531	343135	109048758	rc=0
base	sendloop	r1	15326070696	1462543587	336437	13863190672	rc=0
s1	sendloop	r1	15091366394	1387558933	336509	13703470952	rc=0
r3	sendloop	r1	15161756061	1147601861	343004	14013811196	rc=0
base	sendloop	r2	15326070696	1462543587	336437	13863190672	rc=0
s1	sendloop	r2	15091366394	1387558933	336509	13703470952	rc=0
r3	sendloop	r2	15161756326	1147601981	343149	14013811196	rc=0
base	sendloop	r3	15326070696	1462543587	336437	13863190672	rc=0
s1	sendloop	r3	15091366394	1387558933	336509	13703470952	rc=0
r3	sendloop	r3	15161756326	1147601981	343149	14013811196	rc=0
base	startup	r1	120809103	62398503	336437	58074163	rc=0
s1	startup	r1	120873584	62467079	336495	58070010	rc=0
r3	startup	r1	120920251	62479470	343135	58097646	rc=0
base	startup	r2	120809103	62398503	336437	58074163	rc=0
s1	startup	r2	120873584	62467079	336495	58070010	rc=0
r3	startup	r2	120920251	62479470	343135	58097646	rc=0
base	startup	r3	120809103	62398503	336437	58074163	rc=0
s1	startup	r3	120873584	62467079	336495	58070010	rc=0
r3	startup	r3	120920251	62479470	343135	58097646	rc=0
base	strings	r1	19049212440	1299588415	336437	17749287588	rc=0
s1	strings	r1	18776855477	1272729590	336495	17503789392	rc=0
r3	strings	r1	18810540758	1272715764	343135	17537481859	rc=0
base	strings	r2	19049212440	1299588415	336437	17749287588	rc=0
s1	strings	r2	18776855477	1272729590	336495	17503789392	rc=0
r3	strings	r2	18810540758	1272715764	343135	17537481859	rc=0
base	strings	r3	19049212440	1299588415	336437	17749287588	rc=0
s1	strings	r3	18776855477	1272729590	336495	17503789392	rc=0
r3	strings	r3	18810540758	1272715764	343135	17537481859	rc=0
base	textnum	r1	1251743366	74827344	336437	1176579585	rc=0
s1	textnum	r1	1227673528	74893300	336495	1152443733	rc=0
r3	textnum	r1	1230396254	74906707	343135	1155146412	rc=0
base	textnum	r2	1251743366	74827344	336437	1176579585	rc=0
s1	textnum	r2	1227673528	74893300	336495	1152443733	rc=0
r3	textnum	r2	1230396254	74906707	343135	1155146412	rc=0
base	textnum	r3	1251743366	74827344	336437	1176579585	rc=0
s1	textnum	r3	1227673528	74893300	336495	1152443733	rc=0
r3	textnum	r3	1230396254	74906707	343135	1155146412	rc=0
base	varlookup	r1	14940868645	62420339	336423	14878111883	rc=0
s1	varlookup	r1	14524546527	62488168	336509	14461721850	rc=0
r3	varlookup	r1	13500351880	62478123	343004	13437530753	rc=0
base	varlookup	r2	14940868645	62420339	336423	14878111883	rc=0
s1	varlookup	r2	14524546527	62488168	336509	14461721850	rc=0
r3	varlookup	r2	13500352145	62478243	343149	13437530753	rc=0
base	varlookup	r3	14940868645	62420339	336423	14878111883	rc=0
s1	varlookup	r3	14524546527	62488168	336509	14461721850	rc=0
r3	varlookup	r3	13500352145	62478243	343149	13437530753	rc=0
base	rexxcps	r1	19363590979	1545904998	336467	17817349514	rc=0
s1	rexxcps	r1	19167283620	1503226073	336539	17663721008	rc=0
r3	rexxcps	r1	19252890303	1464124129	343179	17788422995	rc=0
base	rexxcps	r2	19363555930	1545884787	336467	17817334676	rc=0
s1	rexxcps	r2	19167283625	1503226059	336539	17663721027	rc=0
r3	rexxcps	r2	19252886952	1464122306	343179	17788421467	rc=0
base	rexxcps	r3	19363554581	1545884177	336467	17817333937	rc=0
s1	rexxcps	r3	19167283702	1503226073	336539	17663721090	rc=0
r3	rexxcps	r3	19252889158	1464123503	343179	17788422476	rc=0
