task	commit	axis	build	scope	arm	size	instrument	value_median	value_min	value_max	value_rounds
pre-phase-5-baseline	b029abe77	alloc4c	pinned	arm_ratio	ir/tw	small	instructions:u	0.872209	0.872191	0.872222	5
pre-phase-5-baseline	b029abe77	alloc4c	pinned	absolute	tw	small	instructions:u	3634822335.000000	3634787968.000000	3634860743.000000	5
pre-phase-5-baseline	b029abe77	alloc4c	pinned	absolute	ir	small	instructions:u	3170327186.000000	3170269021.000000	3170373130.000000	5
pre-phase-5-baseline	b029abe77	alloc4c	pinned	arm_ratio	ir/tw	large	instructions:u	0.874644	0.874635	0.874657	5
pre-phase-5-baseline	b029abe77	alloc4c	pinned	absolute	tw	large	instructions:u	7410323759.000000	7410259844.000000	7410359742.000000	5
pre-phase-5-baseline	b029abe77	alloc4c	pinned	absolute	ir	large	instructions:u	6481371414.000000	6481303038.000000	6481493561.000000	5
pre-phase-5-baseline	b029abe77	alloc4c	pinned	per_pass	tw	-	instructions:u	7550.995224	7550.798202	7551.083700	5
pre-phase-5-baseline	b029abe77	alloc4c	pinned	fixed	tw	-	instructions:u	-140678726.000000	-140753882.000000	-140538358.000000	5
pre-phase-5-baseline	b029abe77	alloc4c	pinned	per_pass	ir	-	instructions:u	6622.091836	6621.996568	6622.332750	5
pre-phase-5-baseline	b029abe77	alloc4c	pinned	fixed	ir	-	instructions:u	-140752300.000000	-140839189.000000	-140625154.000000	5
pre-phase-5-baseline	b029abe77	alloc4c	pinned	per_pass_gap	ir-tw	-	instructions:u	-928.865040	-929.078246	-928.706366	5
pre-phase-5-baseline	b029abe77	alloc4c	pinned	arm_ratio	ir/tw	small	cycles:u	0.884019	0.842911	0.912082	5
pre-phase-5-baseline	b029abe77	alloc4c	pinned	absolute	tw	small	cycles:u	1124681181.000000	1090521966.000000	1154940026.000000	5
pre-phase-5-baseline	b029abe77	alloc4c	pinned	absolute	ir	small	cycles:u	994645032.000000	963296067.000000	1012017480.000000	5
pre-phase-5-baseline	b029abe77	alloc4c	pinned	arm_ratio	ir/tw	large	cycles:u	0.911198	0.882213	0.928666	5
pre-phase-5-baseline	b029abe77	alloc4c	pinned	absolute	tw	large	cycles:u	2672383590.000000	2586803256.000000	2691776986.000000	5
pre-phase-5-baseline	b029abe77	alloc4c	pinned	absolute	ir	large	cycles:u	2402276744.000000	2357610659.000000	2445239766.000000	5
pre-phase-5-baseline	b029abe77	alloc4c	pinned	per_pass	tw	-	cycles:u	3073.673920	2887.964434	3179.868400	5
pre-phase-5-baseline	b029abe77	alloc4c	pinned	fixed	tw	-	cycles:u	-409836744.000000	-499412234.000000	-301161178.000000	5
pre-phase-5-baseline	b029abe77	alloc4c	pinned	per_pass	ir	-	cycles:u	2857.633922	2691.186358	2901.189468	5
pre-phase-5-baseline	b029abe77	alloc4c	pinned	fixed	ir	-	cycles:u	-434577193.000000	-475684610.000000	-333575699.000000	5
pre-phase-5-baseline	b029abe77	alloc4c	pinned	per_pass_gap	ir-tw	-	cycles:u	-278.678932	-411.004764	-10.003080	5
pre-phase-5-baseline	b029abe77	arith	pinned	arm_ratio	ir/tw	small	instructions:u	1.022842	1.022842	1.022842	5
pre-phase-5-baseline	b029abe77	arith	pinned	absolute	tw	small	instructions:u	9516654322.000000	9516653104.000000	9516655031.000000	5
pre-phase-5-baseline	b029abe77	arith	pinned	absolute	ir	small	instructions:u	9734030941.000000	9734030244.000000	9734031371.000000	5
pre-phase-5-baseline	b029abe77	arith	pinned	arm_ratio	ir/tw	large	instructions:u	1.015375	1.015375	1.015375	5
pre-phase-5-baseline	b029abe77	arith	pinned	absolute	tw	large	instructions:u	19054015367.000000	19054015279.000000	19054015601.000000	5
pre-phase-5-baseline	b029abe77	arith	pinned	absolute	ir	large	instructions:u	19346962899.000000	19346962487.000000	19346964002.000000	5
pre-phase-5-baseline	b029abe77	arith	pinned	per_pass	tw	-	instructions:u	38149.445116	38149.442204	38149.448916	5
pre-phase-5-baseline	b029abe77	arith	pinned	fixed	tw	-	instructions:u	-20706957.000000	-20709125.000000	-20705520.000000	5
pre-phase-5-baseline	b029abe77	arith	pinned	per_pass	ir	-	instructions:u	38451.728972	38451.727124	38451.730524	5
pre-phase-5-baseline	b029abe77	arith	pinned	fixed	ir	-	instructions:u	121098740.000000	121098001.000000	121099388.000000	5
pre-phase-5-baseline	b029abe77	arith	pinned	per_pass_gap	ir-tw	-	instructions:u	302.284148	302.281508	302.286768	5
pre-phase-5-baseline	b029abe77	arith	pinned	arm_ratio	ir/tw	small	cycles:u	1.033305	1.025387	1.037708	5
pre-phase-5-baseline	b029abe77	arith	pinned	absolute	tw	small	cycles:u	3189746949.000000	3169666371.000000	3198652010.000000	5
pre-phase-5-baseline	b029abe77	arith	pinned	absolute	ir	small	cycles:u	3289188540.000000	3279855972.000000	3297243200.000000	5
pre-phase-5-baseline	b029abe77	arith	pinned	arm_ratio	ir/tw	large	cycles:u	1.025034	1.018638	1.026271	5
pre-phase-5-baseline	b029abe77	arith	pinned	absolute	tw	large	cycles:u	6366704637.000000	6360680159.000000	6371570075.000000	5
pre-phase-5-baseline	b029abe77	arith	pinned	absolute	ir	large	cycles:u	6519916477.000000	6489417835.000000	6532221007.000000	5
pre-phase-5-baseline	b029abe77	arith	pinned	per_pass	tw	-	cycles:u	12701.036512	12672.210508	12804.066624	5
pre-phase-5-baseline	b029abe77	arith	pinned	fixed	tw	-	cycles:u	14487821.000000	-31350285.000000	30599383.000000	5
pre-phase-5-baseline	b029abe77	arith	pinned	per_pass	ir	-	cycles:u	12939.911228	12800.917180	13006.792684	5
pre-phase-5-baseline	b029abe77	arith	pinned	fixed	ir	-	cycles:u	62265393.000000	28157801.000000	88959245.000000	5
pre-phase-5-baseline	b029abe77	arith	pinned	per_pass_gap	ir-tw	-	cycles:u	213.918352	-3.149444	334.582176	5
pre-phase-5-baseline	b029abe77	compound	pinned	arm_ratio	ir/tw	small	instructions:u	0.925071	0.925046	0.925090	5
pre-phase-5-baseline	b029abe77	compound	pinned	absolute	tw	small	instructions:u	9805787477.000000	9805197703.000000	9806609278.000000	5
pre-phase-5-baseline	b029abe77	compound	pinned	absolute	ir	small	instructions:u	9070917061.000000	9070508805.000000	9071564359.000000	5
pre-phase-5-baseline	b029abe77	compound	pinned	arm_ratio	ir/tw	large	instructions:u	0.925025	0.925008	0.925053	5
pre-phase-5-baseline	b029abe77	compound	pinned	absolute	tw	large	instructions:u	19609179488.000000	19607999489.000000	19610461024.000000	5
pre-phase-5-baseline	b029abe77	compound	pinned	absolute	ir	large	instructions:u	18139078519.000000	18137897580.000000	18139898291.000000	5
pre-phase-5-baseline	b029abe77	compound	pinned	per_pass	tw	-	instructions:u	3921.466640	3920.883974	3921.776586	5
pre-phase-5-baseline	b029abe77	compound	pinned	fixed	tw	-	instructions:u	1846288.000000	756238.000000	4399344.000000	5
pre-phase-5-baseline	b029abe77	compound	pinned	per_pass	ir	-	instructions:u	3627.376839	3626.792208	3627.467927	5
pre-phase-5-baseline	b029abe77	compound	pinned	fixed	ir	-	instructions:u	3014097.000000	1939091.000000	4051530.000000	5
pre-phase-5-baseline	b029abe77	compound	pinned	per_pass_gap	ir-tw	-	instructions:u	-294.092597	-294.399254	-293.878842	5
pre-phase-5-baseline	b029abe77	compound	pinned	arm_ratio	ir/tw	small	cycles:u	0.926630	0.920390	0.946535	5
pre-phase-5-baseline	b029abe77	compound	pinned	absolute	tw	small	cycles:u	1881748855.000000	1871854723.000000	1889470082.000000	5
pre-phase-5-baseline	b029abe77	compound	pinned	absolute	ir	small	cycles:u	1744210541.000000	1730799855.000000	1773605178.000000	5
pre-phase-5-baseline	b029abe77	compound	pinned	arm_ratio	ir/tw	large	cycles:u	0.924110	0.879313	0.927939	5
pre-phase-5-baseline	b029abe77	compound	pinned	absolute	tw	large	cycles:u	3754718995.000000	3740758676.000000	3926135708.000000	5
pre-phase-5-baseline	b029abe77	compound	pinned	absolute	ir	large	cycles:u	3458929115.000000	3452303237.000000	3484151124.000000	5
pre-phase-5-baseline	b029abe77	compound	pinned	per_pass	tw	-	cycles:u	753.145709	741.683918	816.194490	5
pre-phase-5-baseline	b029abe77	compound	pinned	fixed	tw	-	cycles:u	-11009549.000000	-154836740.000000	35260287.000000	5
pre-phase-5-baseline	b029abe77	compound	pinned	per_pass	ir	-	cycles:u	685.887430	673.793094	701.340508	5
pre-phase-5-baseline	b029abe77	compound	pinned	fixed	ir	-	cycles:u	29491967.000000	-22551414.000000	89122444.000000	5
pre-phase-5-baseline	b029abe77	compound	pinned	per_pass_gap	ir-tw	-	cycles:u	-58.191512	-129.486022	-51.805201	5
pre-phase-5-baseline	b029abe77	emptyloop	pinned	arm_ratio	ir/tw	small	instructions:u	1.134303	1.134303	1.134304	5
pre-phase-5-baseline	b029abe77	emptyloop	pinned	absolute	tw	small	instructions:u	11075595358.000000	11075595136.000000	11075595808.000000	5
pre-phase-5-baseline	b029abe77	emptyloop	pinned	absolute	ir	small	instructions:u	12563086553.000000	12563086204.000000	12563087506.000000	5
pre-phase-5-baseline	b029abe77	emptyloop	pinned	arm_ratio	ir/tw	large	instructions:u	1.134307	1.134307	1.134308	5
pre-phase-5-baseline	b029abe77	emptyloop	pinned	absolute	tw	large	instructions:u	22150595787.000000	22150595461.000000	22150596206.000000	5
pre-phase-5-baseline	b029abe77	emptyloop	pinned	absolute	ir	large	instructions:u	25125586798.000000	25125586559.000000	25125587703.000000	5
pre-phase-5-baseline	b029abe77	emptyloop	pinned	per_pass	tw	-	instructions:u	886.000026	886.000013	886.000045	5
pre-phase-5-baseline	b029abe77	emptyloop	pinned	fixed	tw	-	instructions:u	595121.000000	594744.000000	595459.000000	5
pre-phase-5-baseline	b029abe77	emptyloop	pinned	per_pass	ir	-	instructions:u	1005.000029	1004.999943	1005.000113	5
pre-phase-5-baseline	b029abe77	emptyloop	pinned	fixed	ir	-	instructions:u	585906.000000	584881.000000	588214.000000	5
pre-phase-5-baseline	b029abe77	emptyloop	pinned	per_pass_gap	ir-tw	-	instructions:u	118.999987	118.999912	119.000094	5
pre-phase-5-baseline	b029abe77	emptyloop	pinned	arm_ratio	ir/tw	small	cycles:u	1.186852	1.181942	1.193250	5
pre-phase-5-baseline	b029abe77	emptyloop	pinned	absolute	tw	small	cycles:u	1653141733.000000	1643939101.000000	1655723592.000000	5
pre-phase-5-baseline	b029abe77	emptyloop	pinned	absolute	ir	small	cycles:u	1956969032.000000	1951112396.000000	1970788193.000000	5
pre-phase-5-baseline	b029abe77	emptyloop	pinned	arm_ratio	ir/tw	large	cycles:u	1.192326	1.183542	1.194947	5
pre-phase-5-baseline	b029abe77	emptyloop	pinned	absolute	tw	large	cycles:u	3297473261.000000	3289949702.000000	3303914562.000000	5
pre-phase-5-baseline	b029abe77	emptyloop	pinned	absolute	ir	large	cycles:u	3928203477.000000	3910320399.000000	3940305261.000000	5
pre-phase-5-baseline	b029abe77	emptyloop	pinned	per_pass	tw	-	cycles:u	131.387534	131.066818	132.545394	5
pre-phase-5-baseline	b029abe77	emptyloop	pinned	fixed	tw	-	cycles:u	11029576.000000	-12878320.000000	13973923.000000	5
pre-phase-5-baseline	b029abe77	emptyloop	pinned	per_pass	ir	-	cycles:u	158.167286	155.689351	158.666898	5
pre-phase-5-baseline	b029abe77	emptyloop	pinned	fixed	ir	-	cycles:u	-25549801.000000	-26367197.000000	18883998.000000	5
pre-phase-5-baseline	b029abe77	emptyloop	pinned	per_pass_gap	ir-tw	-	cycles:u	25.621893	23.627525	27.326925	5
pre-phase-5-baseline	b029abe77	strings	pinned	arm_ratio	ir/tw	small	instructions:u	0.793790	0.793790	0.793790	5
pre-phase-5-baseline	b029abe77	strings	pinned	absolute	tw	small	instructions:u	19589215470.000000	19589215185.000000	19589216048.000000	5
pre-phase-5-baseline	b029abe77	strings	pinned	absolute	ir	small	instructions:u	15549717198.000000	15549716550.000000	15549717862.000000	5
pre-phase-5-baseline	b029abe77	strings	pinned	arm_ratio	ir/tw	large	instructions:u	0.793799	0.792707	0.793799	5
pre-phase-5-baseline	b029abe77	strings	pinned	absolute	tw	large	instructions:u	39180336300.000000	39180335104.000000	39234336088.000000	5
pre-phase-5-baseline	b029abe77	strings	pinned	absolute	ir	large	instructions:u	31101317431.000000	31101316923.000000	31101318061.000000	5
pre-phase-5-baseline	b029abe77	strings	pinned	per_pass	tw	-	instructions:u	13060.747086	13060.746430	13096.747269	5
pre-phase-5-baseline	b029abe77	strings	pinned	fixed	tw	-	instructions:u	-1904958.000000	-55905718.000000	-1903926.000000	5
pre-phase-5-baseline	b029abe77	strings	pinned	per_pass	ir	-	instructions:u	10367.733489	10367.733039	10367.733971	5
pre-phase-5-baseline	b029abe77	strings	pinned	fixed	ir	-	instructions:u	-1883035.000000	-1884406.000000	-1882195.000002	5
pre-phase-5-baseline	b029abe77	strings	pinned	per_pass_gap	ir-tw	-	instructions:u	-2693.013387	-2729.014229	-2693.012459	5
pre-phase-5-baseline	b029abe77	strings	pinned	arm_ratio	ir/tw	small	cycles:u	0.755212	0.739387	0.766366	5
pre-phase-5-baseline	b029abe77	strings	pinned	absolute	tw	small	cycles:u	4370888086.000000	4340061285.000000	4461371873.000000	5
pre-phase-5-baseline	b029abe77	strings	pinned	absolute	ir	small	cycles:u	3302804098.000000	3281425691.000000	3326074331.000000	5
pre-phase-5-baseline	b029abe77	strings	pinned	arm_ratio	ir/tw	large	cycles:u	0.761505	0.752533	0.766895	5
pre-phase-5-baseline	b029abe77	strings	pinned	absolute	tw	large	cycles:u	8699507759.000000	8614912579.000000	8729439842.000000	5
pre-phase-5-baseline	b029abe77	strings	pinned	absolute	ir	large	cycles:u	6605726794.000000	6560298482.000000	6669047069.000000	5
pre-phase-5-baseline	b029abe77	strings	pinned	per_pass	tw	-	cycles:u	2886.324249	2829.349662	2904.068995	5
pre-phase-5-baseline	b029abe77	strings	pinned	fixed	tw	-	cycles:u	40535011.000000	-16042207.000000	193303904.000000	5
pre-phase-5-baseline	b029abe77	strings	pinned	per_pass	ir	-	cycles:u	2201.948464	2171.353368	2237.901751	5
pre-phase-5-baseline	b029abe77	strings	pinned	fixed	ir	-	cycles:u	-118598.000000	-75426936.000000	46238378.000000	5
pre-phase-5-baseline	b029abe77	strings	pinned	per_pass_gap	ir-tw	-	cycles:u	-665.034464	-698.528757	-648.422498	5
pre-phase-5-baseline	b029abe77	varlookup	pinned	arm_ratio	ir/tw	small	instructions:u	0.805561	0.805561	0.805561	5
pre-phase-5-baseline	b029abe77	varlookup	pinned	absolute	tw	small	instructions:u	25992619269.000000	25992618977.000000	25992620107.000000	5
pre-phase-5-baseline	b029abe77	varlookup	pinned	absolute	ir	small	instructions:u	20938631883.000000	20938631086.000000	20938632411.000000	5
pre-phase-5-baseline	b029abe77	varlookup	pinned	arm_ratio	ir/tw	large	instructions:u	0.806125	0.806125	0.806125	5
pre-phase-5-baseline	b029abe77	varlookup	pinned	absolute	tw	large	instructions:u	52136620793.000000	52136620281.000000	52136621421.000000	5
pre-phase-5-baseline	b029abe77	varlookup	pinned	absolute	ir	large	instructions:u	42028632675.000000	42028632102.000000	42028633936.000000	5
pre-phase-5-baseline	b029abe77	varlookup	pinned	per_pass	tw	-	instructions:u	2752.000137	2752.000018	2752.000257	5
pre-phase-5-baseline	b029abe77	varlookup	pinned	fixed	tw	-	instructions:u	-151381836.000000	-151383467.000000	-151380067.000000	5
pre-phase-5-baseline	b029abe77	varlookup	pinned	per_pass	ir	-	instructions:u	2220.000028	2219.999979	2220.000300	5
pre-phase-5-baseline	b029abe77	varlookup	pinned	fixed	ir	-	instructions:u	-151368336.000000	-151371764.000000	-151367489.000000	5
pre-phase-5-baseline	b029abe77	varlookup	pinned	per_pass_gap	ir-tw	-	instructions:u	-531.999995	-532.000279	-531.999816	5
pre-phase-5-baseline	b029abe77	varlookup	pinned	arm_ratio	ir/tw	small	cycles:u	0.743643	0.738955	0.755274	5
pre-phase-5-baseline	b029abe77	varlookup	pinned	absolute	tw	small	cycles:u	4588417073.000000	4559654271.000000	4615620547.000000	5
pre-phase-5-baseline	b029abe77	varlookup	pinned	absolute	ir	small	cycles:u	3410734607.000000	3405515110.000000	3443787434.000000	5
pre-phase-5-baseline	b029abe77	varlookup	pinned	arm_ratio	ir/tw	large	cycles:u	0.743043	0.739938	0.747057	5
pre-phase-5-baseline	b029abe77	varlookup	pinned	absolute	tw	large	cycles:u	9202273302.000000	9176080230.000000	9250309384.000000	5
pre-phase-5-baseline	b029abe77	varlookup	pinned	absolute	ir	large	cycles:u	6850364940.000000	6831299910.000000	6855051873.000000	5
pre-phase-5-baseline	b029abe77	varlookup	pinned	per_pass	tw	-	cycles:u	485.669077	480.048388	492.481896	5
pre-phase-5-baseline	b029abe77	varlookup	pinned	fixed	tw	-	cycles:u	-25439156.000000	-106846644.000000	55160864.000000	5
pre-phase-5-baseline	b029abe77	varlookup	pinned	per_pass	ir	-	cycles:u	362.014949	358.587106	362.559712	5
pre-phase-5-baseline	b029abe77	varlookup	pinned	fixed	ir	-	cycles:u	-31072079.000000	-33626902.000000	37209928.000000	5
pre-phase-5-baseline	b029abe77	varlookup	pinned	per_pass_gap	ir-tw	-	cycles:u	-125.372863	-131.906601	-117.488675	5
