1.000	0x1689c0	<rexx_exec::Interp>::do_body_outcome	src/run.rs	6248	push %rbp
1.000	0x1689c1	<rexx_exec::Interp>::do_body_outcome	src/run.rs	6248	push %r15
1.000	0x1689c3	<rexx_exec::Interp>::do_body_outcome	src/run.rs	6248	push %r14
1.000	0x1689c5	<rexx_exec::Interp>::do_body_outcome	src/run.rs	6248	push %r13
1.000	0x1689c7	<rexx_exec::Interp>::do_body_outcome	src/run.rs	6248	push %r12
1.000	0x1689c9	<rexx_exec::Interp>::do_body_outcome	src/run.rs	6248	push %rbx
1.000	0x1689ca	<rexx_exec::Interp>::do_body_outcome	src/run.rs	6248	sub $0x78,%rsp
1.000	0x1689ce	<rexx_exec::Interp>::do_body_outcome	src/run.rs	6248	mov %rdi,%rbx
1.000	0x1689d1	<rexx_exec::Interp>::do_body_outcome	src/run.rs	6248	mov 0xc8(%rsp),%rdi
1.000	0x1689d9	<rexx_exec::Interp>::do_body_outcome	src/run.rs	6258	mov (%rdi),%r10
1.000	0x1689dc	<rexx_exec::Interp>::do_body_outcome	src/run.rs	6258	test %r10,%r10
1.000	0x1689df	<rexx_exec::Interp>::do_body_outcome	src/run.rs	6258	je 168b52 <<rexx_exec::Interp>::do_body_outcome+0x192>
1.000	0x168b52	<rexx_exec::Interp>::do_body_outcome	src/run.rs	0	movabs $0x8000000000000002,%rax
1.000	0x168b5c	<rexx_exec::Interp>::do_body_outcome	src/run.rs	6259	add $0xfffffffffffffffe,%rax
1.000	0x168b60	<rexx_exec::Interp>::do_body_outcome	src/run.rs	6259	mov %rax,0x8(%rbx)
1.000	0x168b64	<rexx_exec::Interp>::do_body_outcome	src/run.rs	6259	jmp 168c38 <<rexx_exec::Interp>::do_body_outcome+0x278>
1.000	0x168c38	<rexx_exec::Interp>::do_body_outcome	src/run.rs	6307	add $0x78,%rsp
1.000	0x168c3c	<rexx_exec::Interp>::do_body_outcome	src/run.rs	6307	pop %rbx
1.000	0x168c3d	<rexx_exec::Interp>::do_body_outcome	src/run.rs	6307	pop %r12
1.000	0x168c3f	<rexx_exec::Interp>::do_body_outcome	src/run.rs	6307	pop %r13
1.000	0x168c41	<rexx_exec::Interp>::do_body_outcome	src/run.rs	6307	pop %r14
1.000	0x168c43	<rexx_exec::Interp>::do_body_outcome	src/run.rs	6307	pop %r15
1.000	0x168c45	<rexx_exec::Interp>::do_body_outcome	src/run.rs	6307	pop %rbp
1.000	0x168c46	<rexx_exec::Interp>::do_body_outcome	src/run.rs	6307	ret
1.000	0x168cb0	<rexx_exec::Interp>::loop_advance	src/run.rs	6750	push %rbp
1.000	0x168cb1	<rexx_exec::Interp>::loop_advance	src/run.rs	6750	push %r15
1.000	0x168cb3	<rexx_exec::Interp>::loop_advance	src/run.rs	6750	push %r14
1.000	0x168cb5	<rexx_exec::Interp>::loop_advance	src/run.rs	6750	push %r13
1.000	0x168cb7	<rexx_exec::Interp>::loop_advance	src/run.rs	6750	push %r12
1.000	0x168cb9	<rexx_exec::Interp>::loop_advance	src/run.rs	6750	push %rbx
1.000	0x168cba	<rexx_exec::Interp>::loop_advance	src/run.rs	6750	sub $0x138,%rsp
1.000	0x168cc1	<rexx_exec::Interp>::loop_advance	src/run.rs	6750	mov %rcx,%r14
1.000	0x168cc4	<rexx_exec::Interp>::loop_advance	src/run.rs	6750	mov %rdx,%r12
1.000	0x168cc7	<rexx_exec::Interp>::loop_advance	src/run.rs	6750	mov %rsi,%r15
1.000	0x168cca	<rexx_exec::Interp>::loop_advance	src/run.rs	6757	mov (%rcx),%rcx
1.000	0x168ccd	<rexx_exec::Interp>::loop_advance	src/run.rs	6757	mov %rcx,%rax
1.000	0x168cd0	<rexx_exec::Interp>::loop_advance	src/run.rs	6757	sub $0x2,%rax
1.000	0x168cd4	<rexx_exec::Interp>::loop_advance	src/run.rs	6757	mov $0x3,%edx
1.000	0x168cd9	<rexx_exec::Interp>::loop_advance	src/run.rs	6757	cmovae %rax,%rdx
1.000	0x168cdd	<rexx_exec::Interp>::loop_advance	src/run.rs	6757	mov %rdi,%rbx
1.000	0x168ce0	<rexx_exec::Interp>::loop_advance	src/run.rs	6757	lea -0x1294af(%rip),%rax # 3f838 <GCC_except_table3538+0x229c>
1.000	0x168ce7	<rexx_exec::Interp>::loop_advance	src/run.rs	6757	movslq (%rax,%rdx,4),%rdx
1.000	0x168ceb	<rexx_exec::Interp>::loop_advance	src/run.rs	6757	add %rax,%rdx
1.000	0x168cee	<rexx_exec::Interp>::loop_advance	src/run.rs	6757	jmp *%rdx
1.000	0x168d7d	<rexx_exec::Interp>::loop_advance	src/run.rs	6834	mov 0x1790(%r15),%rax
1.000	0x168d84	<rexx_exec::Interp>::loop_advance	src/option.rs	743	test %rax,%rax
1.000	0x168d87	<rexx_exec::Interp>::loop_advance	src/option.rs	743	je 16a0f8 <<rexx_exec::Interp>::loop_advance+0x1448>
1.000	0x168d8d	<rexx_exec::Interp>::loop_advance	src/option.rs	0	mov %r8,0x40(%rsp)
1.000	0x168d92	<rexx_exec::Interp>::loop_advance	src/option.rs	0	mov %r9,0x88(%rsp)
1.000	0x168d9a	<rexx_exec::Interp>::loop_advance	src/settings.rs	213	mov 0x98(%rax),%rdi
1.000	0x168da1	<rexx_exec::Interp>::loop_advance	src/run.rs	6845	cmpb $0x0,0xc4(%r14)
1.000	0x168da9	<rexx_exec::Interp>::loop_advance	src/run.rs	6845	mov %rdi,0x20(%rsp)
1.000	0x168dae	<rexx_exec::Interp>::loop_advance	src/run.rs	6845	je 169160 <<rexx_exec::Interp>::loop_advance+0x4b0>
1.000	0x168db4	<rexx_exec::Interp>::loop_advance	src/run.rs	8677	cmpb $0x0,0xc5(%r14)
1.000	0x168dbc	<rexx_exec::Interp>::loop_advance	src/run.rs	8677	sete %dl
1.000	0x168dbf	<rexx_exec::Interp>::loop_advance	src/run.rs	8677	cmp %rdi,0xb8(%r14)
1.000	0x168dc6	<rexx_exec::Interp>::loop_advance	src/run.rs	8677	sete %sil
1.000	0x168dca	<rexx_exec::Interp>::loop_advance	src/run.rs	8677	cmpq $0x0,0x10(%r14)
1.000	0x168dcf	<rexx_exec::Interp>::loop_advance	src/run.rs	8677	sete %dil
1.000	0x168dd3	<rexx_exec::Interp>::loop_advance	src/run.rs	6846	and %dl,%dil
1.000	0x168dd6	<rexx_exec::Interp>::loop_advance	src/run.rs	6846	and %dil,%cl
1.000	0x168dd9	<rexx_exec::Interp>::loop_advance	src/run.rs	6846	mov 0x20(%rsp),%rdi
1.000	0x168dde	<rexx_exec::Interp>::loop_advance	src/run.rs	6846	and %sil,%cl
1.000	0x168de1	<rexx_exec::Interp>::loop_advance	src/run.rs	6846	cmp $0x1,%cl
1.000	0x168de4	<rexx_exec::Interp>::loop_advance	src/run.rs	6846	jne 169160 <<rexx_exec::Interp>::loop_advance+0x4b0>
1.000	0x168dea	<rexx_exec::Interp>::loop_advance	src/run.rs	6850	cmpl $0x1,0x30(%r14)
1.000	0x168def	<rexx_exec::Interp>::loop_advance	src/run.rs	6850	jne 169160 <<rexx_exec::Interp>::loop_advance+0x4b0>
1.000	0x168df5	<rexx_exec::Interp>::loop_advance	src/run.rs	6851	cmpl $0x1,0x20(%r14)
1.000	0x168dfa	<rexx_exec::Interp>::loop_advance	src/run.rs	6851	jne 169160 <<rexx_exec::Interp>::loop_advance+0x4b0>
1.000	0x168e00	<rexx_exec::Interp>::loop_advance	src/run.rs	6852	cmpb $0x2,0x68(%r14)
1.000	0x168e05	<rexx_exec::Interp>::loop_advance	src/run.rs	6852	jne 169160 <<rexx_exec::Interp>::loop_advance+0x4b0>
1.000	0x168e0b	<rexx_exec::Interp>::loop_advance	src/run.rs	6860	testb $0x1,0x1879(%r15)
1.000	0x168e13	<rexx_exec::Interp>::loop_advance	src/run.rs	6860	jne 169160 <<rexx_exec::Interp>::loop_advance+0x4b0>
1.000	0x168e19	<rexx_exec::Interp>::loop_advance	src/run.rs	6860	testb $0x1,0x187a(%r15)
1.000	0x168e21	<rexx_exec::Interp>::loop_advance	src/run.rs	6860	jne 169160 <<rexx_exec::Interp>::loop_advance+0x4b0>
1.000	0x168e27	<rexx_exec::Interp>::loop_advance	src/run.rs	6862	cmpq $0x0,0xa0(%rax)
1.000	0x168e2f	<rexx_exec::Interp>::loop_advance	src/run.rs	6862	jne 169160 <<rexx_exec::Interp>::loop_advance+0x4b0>
1.000	0x168e35	<rexx_exec::Interp>::loop_advance	src/run.rs	0	mov 0x8(%r14),%rcx
1.000	0x168e39	<rexx_exec::Interp>::loop_advance	src/run.rs	0	mov 0x38(%r14),%r8
1.000	0x168e3d	<rexx_exec::Interp>::loop_advance	src/run.rs	0	mov 0x28(%r14),%r9
1.000	0x168e41	<rexx_exec::Interp>::loop_advance	src/run.rs	6864	mov 0x128(%rax),%r13
1.000	0x168e48	<rexx_exec::Interp>::loop_advance	src/run.rs	6864	mov 0x130(%rax),%r10
1.000	0x168e4f	<rexx_exec::Interp>::loop_advance	src/lib.rs	5225	cmpq $0x0,0x80(%rax)
1.000	0x168e57	<rexx_exec::Interp>::loop_advance	src/lib.rs	5225	jne 169110 <<rexx_exec::Interp>::loop_advance+0x460>
1.000	0x168e5d	<rexx_exec::Interp>::loop_advance	src/roots.rs	343	lea (%rcx,%r13,1),%rdi
1.000	0x168e61	<rexx_exec::Interp>::loop_advance	src/roots.rs	344	cmpq $0x0,0x338(%r15)
1.000	0x168e69	<rexx_exec::Interp>::loop_advance	src/roots.rs	344	je 168f69 <<rexx_exec::Interp>::loop_advance+0x2b9>
1.000	0x168f69	<rexx_exec::Interp>::loop_advance	src/roots.rs	349	cmp 0x2b8(%r15),%rdi
1.000	0x168f70	<rexx_exec::Interp>::loop_advance	src/roots.rs	349	jae 16a222 <<rexx_exec::Interp>::loop_advance+0x1572>
1.000	0x168f76	<rexx_exec::Interp>::loop_advance	raw_vec/mod.rs	615	mov 0x2b0(%r15),%rdx
1.000	0x168f7d	<rexx_exec::Interp>::loop_advance	raw_vec/mod.rs	615	jmp 168f95 <<rexx_exec::Interp>::loop_advance+0x2e5>
1.000	0x168f95	<rexx_exec::Interp>::loop_advance	src/roots.rs	0	shl $0x4,%rdi
1.000	0x168f99	<rexx_exec::Interp>::loop_advance	src/roots.rs	0	mov (%rdx,%rdi,1),%rax
1.000	0x168f9d	<rexx_exec::Interp>::loop_advance	src/roots.rs	0	mov 0x8(%rdx,%rdi,1),%rbp
1.000	0x168fa2	<rexx_exec::Interp>::loop_advance	src/run.rs	6872	cmp $0x1,%rax
1.000	0x168fa6	<rexx_exec::Interp>::loop_advance	src/run.rs	6872	mov 0x20(%rsp),%rdi
1.000	0x168fab	<rexx_exec::Interp>::loop_advance	src/run.rs	6872	jne 169160 <<rexx_exec::Interp>::loop_advance+0x4b0>
1.000	0x168fb1	<rexx_exec::Interp>::loop_advance	src/handle.rs	127	mov %ebp,%eax
1.000	0x168fb3	<rexx_exec::Interp>::loop_advance	src/handle.rs	127	and $0x3,%eax
1.000	0x168fb6	<rexx_exec::Interp>::loop_advance	src/handle.rs	127	cmp $0x1,%eax
1.000	0x168fb9	<rexx_exec::Interp>::loop_advance	src/handle.rs	127	jne 169160 <<rexx_exec::Interp>::loop_advance+0x4b0>
1.000	0x168fbf	<rexx_exec::Interp>::loop_advance	src/handle.rs	132	sar $0x2,%rbp
1.000	0x168fc3	<rexx_exec::Interp>::loop_advance	src/value.rs	921	cmp $0x12,%rdi
1.000	0x168fc7	<rexx_exec::Interp>::loop_advance	src/value.rs	921	jbe 1690d8 <<rexx_exec::Interp>::loop_advance+0x428>
1.000	0x168fd6	<rexx_exec::Interp>::loop_advance	intrinsics/mod.rs	0	movabs $0x2000000000000000,%rax
1.000	0x168fe0	<rexx_exec::Interp>::loop_advance	src/handle.rs	91	add %rbp,%rax
1.000	0x168fe3	<rexx_exec::Interp>::loop_advance	src/handle.rs	91	shr $0x3e,%rax
1.000	0x168fe7	<rexx_exec::Interp>::loop_advance	src/run.rs	6877	jne 169160 <<rexx_exec::Interp>::loop_advance+0x4b0>
1.000	0x168fed	<rexx_exec::Interp>::loop_advance	src/run.rs	0	mov %r10,0x80(%rsp)
1.000	0x168ff5	<rexx_exec::Interp>::loop_advance	src/run.rs	0	mov %rcx,%r12
1.000	0x168ff8	<rexx_exec::Interp>::loop_advance	src/run.rs	0	mov %r9,0x20(%rsp)
1.000	0x168ffd	<rexx_exec::Interp>::loop_advance	src/run.rs	0	mov %r8,0x28(%rsp)
1.000	0x169002	<rexx_exec::Interp>::loop_advance	src/run.rs	0	lea 0x68(%r14),%rdi
1.000	0x169006	<rexx_exec::Interp>::loop_advance	src/run.rs	6894	call 215d30 <core::ptr::drop_glue::<core::option::Option<rexx_num::Number>>>
1.000	0x16900b	<rexx_exec::Interp>::loop_advance	src/run.rs	6894	movb $0x2,0x68(%r14)
1.000	0x169010	<rexx_exec::Interp>::loop_advance	src/run.rs	6894	mov %rbp,0x70(%r14)
1.000	0x169014	<rexx_exec::Interp>::loop_advance	src/lib.rs	5224	mov 0x1790(%r15),%rax
1.000	0x16901b	<rexx_exec::Interp>::loop_advance	src/option.rs	743	test %rax,%rax
1.000	0x16901e	<rexx_exec::Interp>::loop_advance	src/option.rs	743	je 16a0f8 <<rexx_exec::Interp>::loop_advance+0x1448>
1.000	0x169024	<rexx_exec::Interp>::loop_advance	src/run.rs	0	lea 0x1(,%rbp,4),%r8
1.000	0x16902c	<rexx_exec::Interp>::loop_advance	src/lib.rs	5225	cmpq $0x0,0x80(%rax)
1.000	0x169034	<rexx_exec::Interp>::loop_advance	src/lib.rs	5225	je 169054 <<rexx_exec::Interp>::loop_advance+0x3a4>
1.000	0x169054	<rexx_exec::Interp>::loop_advance	src/roots.rs	357	add %r12,%r13
1.000	0x169057	<rexx_exec::Interp>::loop_advance	src/roots.rs	358	cmpq $0x0,0x338(%r15)
1.000	0x16905f	<rexx_exec::Interp>::loop_advance	src/roots.rs	358	je 16a12a <<rexx_exec::Interp>::loop_advance+0x147a>
1.000	0x1690d8	<rexx_exec::Interp>::loop_advance	num/int_macros.rs	2486	mov %rbp,%rdx
1.000	0x1690db	<rexx_exec::Interp>::loop_advance	num/int_macros.rs	2486	neg %rdx
1.000	0x1690de	<rexx_exec::Interp>::loop_advance	num/int_macros.rs	2486	cmovs %rbp,%rdx
1.000	0x1690e2	<rexx_exec::Interp>::loop_advance	src/value.rs	921	lea -0x116f01(%rip),%rax # 521e8 <panic_unwind::imp::CANARY+0x2d23>
1.000	0x1690e9	<rexx_exec::Interp>::loop_advance	src/value.rs	921	mov (%rax,%rdi,8),%rax
1.000	0x1690ed	<rexx_exec::Interp>::loop_advance	src/value.rs	921	cmp %rax,%rdx
1.000	0x1690f0	<rexx_exec::Interp>::loop_advance	src/run.rs	6874	jae 169160 <<rexx_exec::Interp>::loop_advance+0x4b0>
1.000	0x1690f2	<rexx_exec::Interp>::loop_advance	num/int_macros.rs	2553	lea (%r8,%rbp,1),%rdx
1.000	0x1690f6	<rexx_exec::Interp>::loop_advance	num/int_macros.rs	0	mov %rdx,%rsi
1.000	0x1690f9	<rexx_exec::Interp>::loop_advance	num/int_macros.rs	0	neg %rsi
1.000	0x1690fc	<rexx_exec::Interp>::loop_advance	num/int_macros.rs	0	cmovs %rdx,%rsi
1.000	0x169100	<rexx_exec::Interp>::loop_advance	num/int_macros.rs	2553	add %r8,%rbp
1.000	0x169103	<rexx_exec::Interp>::loop_advance	intrinsics/mod.rs	459	jo 169160 <<rexx_exec::Interp>::loop_advance+0x4b0>
1.000	0x169105	<rexx_exec::Interp>::loop_advance	intrinsics/mod.rs	459	cmp %rax,%rsi
1.000	0x169108	<rexx_exec::Interp>::loop_advance	intrinsics/mod.rs	459	jb 168fd6 <<rexx_exec::Interp>::loop_advance+0x326>
1.000	0x16a12a	<rexx_exec::Interp>::loop_advance	src/roots.rs	363	cmp 0x2b8(%r15),%r13
1.000	0x16a131	<rexx_exec::Interp>::loop_advance	src/roots.rs	363	jae 16a2d3 <<rexx_exec::Interp>::loop_advance+0x1623>
1.000	0x16a137	<rexx_exec::Interp>::loop_advance	raw_vec/mod.rs	615	mov 0x2b0(%r15),%rax
1.000	0x16a13e	<rexx_exec::Interp>::loop_advance	slice/index.rs	245	shl $0x4,%r13
1.000	0x16a142	<rexx_exec::Interp>::loop_advance	src/roots.rs	364	movq $0x1,(%rax,%r13,1)
1.000	0x16a14a	<rexx_exec::Interp>::loop_advance	src/roots.rs	364	mov %r8,0x8(%rax,%r13,1)
1.000	0x16a14f	<rexx_exec::Interp>::loop_advance	src/roots.rs	369	jmp 16a19b <<rexx_exec::Interp>::loop_advance+0x14eb>
1.000	0x16a19b	<rexx_exec::Interp>::loop_advance	src/run.rs	6896	xor %eax,%eax
1.000	0x16a19d	<rexx_exec::Interp>::loop_advance	src/run.rs	6896	xor %ecx,%ecx
1.000	0x16a19f	<rexx_exec::Interp>::loop_advance	src/run.rs	6896	cmp 0x20(%rsp),%rbp
1.000	0x16a1a4	<rexx_exec::Interp>::loop_advance	src/run.rs	6896	setge %al
1.000	0x16a1a7	<rexx_exec::Interp>::loop_advance	src/run.rs	6896	setle %cl
1.000	0x16a1aa	<rexx_exec::Interp>::loop_advance	src/run.rs	6896	cmpq $0x0,0x28(%rsp)
1.000	0x16a1b0	<rexx_exec::Interp>::loop_advance	src/run.rs	6896	cmovs %eax,%ecx
1.000	0x16a1b3	<rexx_exec::Interp>::loop_advance	src/run.rs	6896	mov %cl,0x8(%rbx)
1.000	0x16a1b6	<rexx_exec::Interp>::loop_advance	src/run.rs	6896	jmp 16a45a <<rexx_exec::Interp>::loop_advance+0x17aa>
1.000	0x16a45a	<rexx_exec::Interp>::loop_advance	src/run.rs	0	movq $0xffffffffffffffff,(%rbx)
1.000	0x16a461	<rexx_exec::Interp>::loop_advance	src/run.rs	7148	add $0x138,%rsp
1.000	0x16a468	<rexx_exec::Interp>::loop_advance	src/run.rs	7148	pop %rbx
1.000	0x16a469	<rexx_exec::Interp>::loop_advance	src/run.rs	7148	pop %r12
1.000	0x16a46b	<rexx_exec::Interp>::loop_advance	src/run.rs	7148	pop %r13
1.000	0x16a46d	<rexx_exec::Interp>::loop_advance	src/run.rs	7148	pop %r14
1.000	0x16a46f	<rexx_exec::Interp>::loop_advance	src/run.rs	7148	pop %r15
1.000	0x16a471	<rexx_exec::Interp>::loop_advance	src/run.rs	7148	pop %rbp
1.000	0x16a472	<rexx_exec::Interp>::loop_advance	src/run.rs	7148	ret
1.000	0x139bf9	<rexx_exec::Interp>::walk_step_in_temps_frame	run/tree_walker.rs	0	mov %r12,0x90(%rsp)
1.000	0x139c01	<rexx_exec::Interp>::walk_step_in_temps_frame	run/tree_walker.rs	0	mov %r15,0xe0(%rsp)
1.000	0x139c09	<rexx_exec::Interp>::walk_step_in_temps_frame	run/tree_walker.rs	0	mov 0x31c(%rsp),%eax
1.000	0x139c10	<rexx_exec::Interp>::walk_step_in_temps_frame	run/tree_walker.rs	0	mov 0x8(%rsp),%r12
1.000	0x139c15	<rexx_exec::Interp>::walk_step_in_temps_frame	run/tree_walker.rs	0	mov 0xc8(%rsp),%r15
1.000	0x139c1d	<rexx_exec::Interp>::walk_step_in_temps_frame	run/tree_walker.rs	561	test $0x1,%al
1.000	0x139c1f	<rexx_exec::Interp>::walk_step_in_temps_frame	run/tree_walker.rs	561	jne 139cf6 <<rexx_exec::Interp>::walk_step_in_temps_frame+0x2a86>
1.000	0x139c25	<rexx_exec::Interp>::walk_step_in_temps_frame	run/tree_walker.rs	561	testb $0x1,0x1878(%r12)
1.000	0x139c2e	<rexx_exec::Interp>::walk_step_in_temps_frame	run/tree_walker.rs	561	je 139cf6 <<rexx_exec::Interp>::walk_step_in_temps_frame+0x2a86>
1.000	0x139cf6	<rexx_exec::Interp>::walk_step_in_temps_frame	src/run.rs	8325	testb $0x1,0x10(%r12)
1.000	0x139cfc	<rexx_exec::Interp>::walk_step_in_temps_frame	src/run.rs	8325	je 139d10 <<rexx_exec::Interp>::walk_step_in_temps_frame+0x2aa0>
1.000	0x139d10	<rexx_exec::Interp>::walk_step_in_temps_frame	src/run.rs	0	mov 0xd8(%rsp),%rcx
1.000	0x139d18	<rexx_exec::Interp>::walk_step_in_temps_frame	src/run.rs	0	test %rcx,%rcx
1.000	0x139d1b	<rexx_exec::Interp>::walk_step_in_temps_frame	src/run.rs	8336	je 139d40 <<rexx_exec::Interp>::walk_step_in_temps_frame+0x2ad0>
1.000	0x139d1d	<rexx_exec::Interp>::walk_step_in_temps_frame	src/run.rs	0	mov 0xb0(%rsp),%rax
1.000	0x139d25	<rexx_exec::Interp>::walk_step_in_temps_frame	slice/index.rs	184	cmp 0x80(%rcx),%rax
1.000	0x139d2c	<rexx_exec::Interp>::walk_step_in_temps_frame	slice/index.rs	184	jae 139d40 <<rexx_exec::Interp>::walk_step_in_temps_frame+0x2ad0>
1.000	0x139d2e	<rexx_exec::Interp>::walk_step_in_temps_frame	src/run.rs	8337	mov 0x78(%rcx),%rax
1.000	0x139d32	<rexx_exec::Interp>::walk_step_in_temps_frame	src/run.rs	0	mov 0xb0(%rsp),%rcx
1.000	0x139d3a	<rexx_exec::Interp>::walk_step_in_temps_frame	src/plan.rs	178	mov (%rax,%rcx,8),%rbx
1.000	0x139d3e	<rexx_exec::Interp>::walk_step_in_temps_frame	src/plan.rs	178	jmp 139dbf <<rexx_exec::Interp>::walk_step_in_temps_frame+0x2b4f>
1.000	0x139dbf	<rexx_exec::Interp>::walk_step_in_temps_frame	run/tree_walker.rs	573	cmpq $0x0,0x78(%rsp)
1.000	0x139dc5	<rexx_exec::Interp>::walk_step_in_temps_frame	run/tree_walker.rs	573	je 139dda <<rexx_exec::Interp>::walk_step_in_temps_frame+0x2b6a>
1.000	0x139dc7	<rexx_exec::Interp>::walk_step_in_temps_frame	run/tree_walker.rs	0	mov %r13,%rbx
1.000	0x139dca	<rexx_exec::Interp>::walk_step_in_temps_frame	run/tree_walker.rs	573	cmpq $0x1,0x78(%rsp)
1.000	0x139dd0	<rexx_exec::Interp>::walk_step_in_temps_frame	run/tree_walker.rs	573	je 139dda <<rexx_exec::Interp>::walk_step_in_temps_frame+0x2b6a>
1.000	0x139dda	<rexx_exec::Interp>::walk_step_in_temps_frame	src/clause.rs	273	decl 0x1870(%r12)
1.000	0x139de2	<rexx_exec::Interp>::walk_step_in_temps_frame	src/clause.rs	274	je 13a5ff <<rexx_exec::Interp>::walk_step_in_temps_frame+0x338f>
1.000	0x139de8	<rexx_exec::Interp>::walk_step_in_temps_frame	vec/mod.rs	3045	movq $0x0,0x368(%r12)
1.000	0x139df4	<rexx_exec::Interp>::walk_step_in_temps_frame	src/clause.rs	265	mov %rbx,0x940(%r12)
1.000	0x139dfc	<rexx_exec::Interp>::walk_step_in_temps_frame	run/tree_walker.rs	580	lea 0x40(%rsp),%rdi
1.000	0x139e01	<rexx_exec::Interp>::walk_step_in_temps_frame	run/tree_walker.rs	580	mov %r12,%rsi
1.000	0x139e04	<rexx_exec::Interp>::walk_step_in_temps_frame	run/tree_walker.rs	580	mov 0x68(%rsp),%rdx
1.000	0x139e09	<rexx_exec::Interp>::walk_step_in_temps_frame	run/tree_walker.rs	580	lea 0x1e0(%rsp),%rcx
1.000	0x139e11	<rexx_exec::Interp>::walk_step_in_temps_frame	run/tree_walker.rs	580	mov %r15,%r8
1.000	0x139e14	<rexx_exec::Interp>::walk_step_in_temps_frame	run/tree_walker.rs	580	lea 0x2(%r15),%r9
1.000	0x139e18	<rexx_exec::Interp>::walk_step_in_temps_frame	run/tree_walker.rs	580	call 168cb0 <<rexx_exec::Interp>::loop_advance>
1.000	0x139e1d	<rexx_exec::Interp>::walk_step_in_temps_frame	run/tree_walker.rs	580	mov 0x40(%rsp),%rbx
1.000	0x139e22	<rexx_exec::Interp>::walk_step_in_temps_frame	run/tree_walker.rs	580	cmp $0xffffffffffffffff,%rbx
1.000	0x139e26	<rexx_exec::Interp>::walk_step_in_temps_frame	run/tree_walker.rs	580	jne 13a65e <<rexx_exec::Interp>::walk_step_in_temps_frame+0x33ee>
1.000	0x139e2c	<rexx_exec::Interp>::walk_step_in_temps_frame	src/option.rs	743	cmpq $0xffffffffffffffff,0xf0(%rsp)
1.000	0x139e35	<rexx_exec::Interp>::walk_step_in_temps_frame	src/option.rs	743	sete %cl
1.000	0x139e38	<rexx_exec::Interp>::walk_step_in_temps_frame	run/tree_walker.rs	581	movzbl 0x48(%rsp),%eax
1.000	0x139e3d	<rexx_exec::Interp>::walk_step_in_temps_frame	run/tree_walker.rs	581	mov %eax,%ebx
1.000	0x139e3f	<rexx_exec::Interp>::walk_step_in_temps_frame	run/tree_walker.rs	581	xor $0x1,%bl
1.000	0x139e42	<rexx_exec::Interp>::walk_step_in_temps_frame	run/tree_walker.rs	595	test %al,%al
1.000	0x139e44	<rexx_exec::Interp>::walk_step_in_temps_frame	run/tree_walker.rs	595	mov %r15,%rax
1.000	0x139e47	<rexx_exec::Interp>::walk_step_in_temps_frame	run/tree_walker.rs	595	lea 0x2(%r15),%rdx
1.000	0x139e4b	<rexx_exec::Interp>::walk_step_in_temps_frame	run/tree_walker.rs	595	cmovne %rdx,%rax
1.000	0x139e4f	<rexx_exec::Interp>::walk_step_in_temps_frame	run/tree_walker.rs	595	or %bl,%cl
1.000	0x139e51	<rexx_exec::Interp>::walk_step_in_temps_frame	run/tree_walker.rs	595	jne 139fa0 <<rexx_exec::Interp>::walk_step_in_temps_frame+0x2d30>
1.000	0x139fa0	<rexx_exec::Interp>::walk_step_in_temps_frame	run/tree_walker.rs	0	movzbl %bl,%ecx
1.000	0x139fa3	<rexx_exec::Interp>::walk_step_in_temps_frame	src/run.rs	5956	mov %rax,0x938(%r12)
1.000	0x139fab	<rexx_exec::Interp>::walk_step_in_temps_frame	src/run.rs	5956	mov 0x2c0(%rsp),%rax
1.000	0x139fb3	<rexx_exec::Interp>::walk_step_in_temps_frame	run/tree_walker.rs	619	and $0xffffffffffffff00,%rax
1.000	0x139fb9	<rexx_exec::Interp>::walk_step_in_temps_frame	run/tree_walker.rs	619	or %rcx,%rax
1.000	0x139fbc	<rexx_exec::Interp>::walk_step_in_temps_frame	run/tree_walker.rs	0	mov %rax,0x2c0(%rsp)
1.000	0x139fc4	<rexx_exec::Interp>::walk_step_in_temps_frame	src/clause.rs	322	cmpq $0x0,0x588(%r12)
1.000	0x139fcd	<rexx_exec::Interp>::walk_step_in_temps_frame	src/clause.rs	322	je 13a000 <<rexx_exec::Interp>::walk_step_in_temps_frame+0x2d90>
1.000	0x13a000	<rexx_exec::Interp>::walk_step_in_temps_frame	run/tree_walker.rs	578	movq $0x0,0x180(%rsp)
1.000	0x13a00c	<rexx_exec::Interp>::walk_step_in_temps_frame	run/tree_walker.rs	578	movq $0xffffffffffffffff,0x188(%rsp)
1.000	0x13a018	<rexx_exec::Interp>::walk_step_in_temps_frame	run/tree_walker.rs	578	mov 0x2c0(%rsp),%rax
1.000	0x13a020	<rexx_exec::Interp>::walk_step_in_temps_frame	run/tree_walker.rs	578	mov %rax,0x190(%rsp)
1.000	0x13a028	<rexx_exec::Interp>::walk_step_in_temps_frame	run/tree_walker.rs	621	test %bl,%bl
1.000	0x13a02a	<rexx_exec::Interp>::walk_step_in_temps_frame	run/tree_walker.rs	621	jne 13a6b6 <<rexx_exec::Interp>::walk_step_in_temps_frame+0x3446>
1.000	0x13a030	<rexx_exec::Interp>::walk_step_in_temps_frame	run/tree_walker.rs	0	mov 0x118(%rsp),%r15
1.000	0x13a038	<rexx_exec::Interp>::walk_step_in_temps_frame	run/tree_walker.rs	0	cmp 0x38(%rsp),%r15
1.000	0x13a03d	<rexx_exec::Interp>::walk_step_in_temps_frame	run/tree_walker.rs	97	jb 13a1a6 <<rexx_exec::Interp>::walk_step_in_temps_frame+0x2f36>
1.000	0x13a043	<rexx_exec::Interp>::walk_step_in_temps_frame	run/tree_walker.rs	0	mov 0x90(%rsp),%r12
1.000	0x13a04b	<rexx_exec::Interp>::walk_step_in_temps_frame	run/tree_walker.rs	0	mov 0xe0(%rsp),%r15
1.000	0x13a053	<rexx_exec::Interp>::walk_step_in_temps_frame	run/tree_walker.rs	0	xor %eax,%eax
1.000	0x13a055	<rexx_exec::Interp>::walk_step_in_temps_frame	run/tree_walker.rs	0	mov 0x38(%rsp),%r10
1.000	0x13a05a	<rexx_exec::Interp>::walk_step_in_temps_frame	run/tree_walker.rs	628	mov %rax,0x140(%rsp)
1.000	0x13a062	<rexx_exec::Interp>::walk_step_in_temps_frame	run/tree_walker.rs	628	mov %r15,0x148(%rsp)
1.000	0x13a06a	<rexx_exec::Interp>::walk_step_in_temps_frame	run/tree_walker.rs	628	mov %r12,0x150(%rsp)
1.000	0x13a072	<rexx_exec::Interp>::walk_step_in_temps_frame	run/tree_walker.rs	629	lea 0x40(%rsp),%rdi
1.000	0x13a077	<rexx_exec::Interp>::walk_step_in_temps_frame	run/tree_walker.rs	629	mov 0x8(%rsp),%rsi
1.000	0x13a07c	<rexx_exec::Interp>::walk_step_in_temps_frame	run/tree_walker.rs	629	mov %rbp,%rdx
1.000	0x13a07f	<rexx_exec::Interp>::walk_step_in_temps_frame	run/tree_walker.rs	629	mov 0x1b0(%rsp),%rcx
1.000	0x13a087	<rexx_exec::Interp>::walk_step_in_temps_frame	run/tree_walker.rs	629	mov 0xb0(%rsp),%r8
1.000	0x13a08f	<rexx_exec::Interp>::walk_step_in_temps_frame	run/tree_walker.rs	629	mov 0x2b8(%rsp),%r9d
1.000	0x13a097	<rexx_exec::Interp>::walk_step_in_temps_frame	run/tree_walker.rs	629	lea 0x140(%rsp),%rax
1.000	0x13a09f	<rexx_exec::Interp>::walk_step_in_temps_frame	run/tree_walker.rs	629	push %rax
1.000	0x13a0a0	<rexx_exec::Interp>::walk_step_in_temps_frame	run/tree_walker.rs	629	lea 0x1(%r10),%rax
1.000	0x13a0a4	<rexx_exec::Interp>::walk_step_in_temps_frame	run/tree_walker.rs	629	push %rax
1.000	0x13a0a5	<rexx_exec::Interp>::walk_step_in_temps_frame	run/tree_walker.rs	629	push $0x1
1.000	0x13a0a7	<rexx_exec::Interp>::walk_step_in_temps_frame	run/tree_walker.rs	629	push 0x1c0(%rsp)
1.000	0x13a0ae	<rexx_exec::Interp>::walk_step_in_temps_frame	run/tree_walker.rs	629	call 1689c0 <<rexx_exec::Interp>::do_body_outcome>
1.000	0x13a0b3	<rexx_exec::Interp>::walk_step_in_temps_frame	run/tree_walker.rs	629	add $0x20,%rsp
1.000	0x13a0b7	<rexx_exec::Interp>::walk_step_in_temps_frame	src/result.rs	2176	mov 0x48(%rsp),%rbx
1.000	0x13a0bc	<rexx_exec::Interp>::walk_step_in_temps_frame	src/result.rs	2176	cmp $0xfffffffffffffffe,%rbx
1.000	0x13a0c0	<rexx_exec::Interp>::walk_step_in_temps_frame	src/result.rs	2176	je 13a6e6 <<rexx_exec::Interp>::walk_step_in_temps_frame+0x3476>
1.000	0x13a0c6	<rexx_exec::Interp>::walk_step_in_temps_frame	run/tree_walker.rs	629	mov %rbx,%rax
1.000	0x13a0c9	<rexx_exec::Interp>::walk_step_in_temps_frame	run/tree_walker.rs	629	movabs $0x8000000000000000,%rcx
1.000	0x13a0d3	<rexx_exec::Interp>::walk_step_in_temps_frame	run/tree_walker.rs	629	xor %rcx,%rax
1.000	0x13a0d6	<rexx_exec::Interp>::walk_step_in_temps_frame	run/tree_walker.rs	629	cmp $0x3,%rax
1.000	0x13a0da	<rexx_exec::Interp>::walk_step_in_temps_frame	run/tree_walker.rs	629	mov $0x1,%ecx
1.000	0x13a0df	<rexx_exec::Interp>::walk_step_in_temps_frame	run/tree_walker.rs	629	cmovae %rcx,%rax
1.000	0x13a0e3	<rexx_exec::Interp>::walk_step_in_temps_frame	run/tree_walker.rs	629	test %rax,%rax
1.000	0x13a0e6	<rexx_exec::Interp>::walk_step_in_temps_frame	run/tree_walker.rs	629	je 13a220 <<rexx_exec::Interp>::walk_step_in_temps_frame+0x2fb0>
1.000	0x13a220	<rexx_exec::Interp>::walk_step_in_temps_frame	src/run.rs	0	mov $0x1,%eax
1.000	0x13a225	<rexx_exec::Interp>::walk_step_in_temps_frame	src/run.rs	0	mov %rax,0x78(%rsp)
1.000	0x13a22a	<rexx_exec::Interp>::walk_step_in_temps_frame	src/run.rs	0	mov 0x8(%rsp),%rsi
1.000	0x13a22f	<rexx_exec::Interp>::walk_step_in_temps_frame	run/tree_walker.rs	637	testb $0x1,0x1878(%rsi)
1.000	0x13a236	<rexx_exec::Interp>::walk_step_in_temps_frame	run/tree_walker.rs	637	je 13a328 <<rexx_exec::Interp>::walk_step_in_temps_frame+0x30b8>
1.000	0x13a328	<rexx_exec::Interp>::walk_step_in_temps_frame	run/tree_walker.rs	0	mov %r13,%rdx
1.000	0x13a32b	<rexx_exec::Interp>::walk_step_in_temps_frame	src/option.rs	743	cmpq $0xffffffffffffffff,0xf0(%rsp)
1.000	0x13a334	<rexx_exec::Interp>::walk_step_in_temps_frame	run/tree_walker.rs	645	je 139bf9 <<rexx_exec::Interp>::walk_step_in_temps_frame+0x2989>
1.000	0x215d30	core::ptr::drop_glue::<core::option::Option<rexx_num::Number>>	ptr/mod.rs	823	cmpb $0x1,(%rdi)
1.000	0x215d33	core::ptr::drop_glue::<core::option::Option<rexx_num::Number>>	ptr/mod.rs	823	jne 215d46 <core::ptr::drop_glue::<core::option::Option<rexx_num::Number>>+0x16>
1.000	0x215d46	core::ptr::drop_glue::<core::option::Option<rexx_num::Number>>	ptr/mod.rs	823	ret
