group	part	oracle runs	oracle outcomes	normal	every	normal against every
base/bif/STREAM.testGroup	whole	30	1: 30 failure, assertions 218, rc 1, last started TEST_WRONG_TOO_MANY_ARGS_S, failing [TEST_RELATIVE_FILE_EXISTS TEST_RELATIVE_FILE_EXISTS2]	differs: error, assertions 195, rc 2, last started TEST_WRONG_TOO_MANY_ARGS_S, failing [TEST_RELATIVE_FILE_EXISTS TEST_RELATIVE_FILE_EXISTS2 TEST_QUERYFILE_EXISTS_OPENED_01 TEST_QUERYFILE_EXISTS_OPENED_03 TEST_SEEK_CLOSEDFILE_2785896 TEST_SEEK_CLOSEDFILE_2787994 TEST_OPEN_WRITE_ONLY_3274050_C TEST_OPEN_WRITE_ONLY_3274050_D]; oracle Some("Assertions:         218"), ours Some("Assertions:         195")	differs: error, assertions 195, rc 2, last started TEST_WRONG_TOO_MANY_ARGS_S, failing [TEST_RELATIVE_FILE_EXISTS TEST_RELATIVE_FILE_EXISTS2 TEST_QUERYFILE_EXISTS_OPENED_01 TEST_QUERYFILE_EXISTS_OPENED_03 TEST_SEEK_CLOSEDFILE_2785896 TEST_SEEK_CLOSEDFILE_2787994 TEST_OPEN_WRITE_ONLY_3274050_C TEST_OPEN_WRITE_ONLY_3274050_D]; oracle Some("Assertions:         218"), ours Some("Assertions:         195")	same
base/bif/STREAM.testGroup	derived	5	1: 5 pass, assertions 10, rc 0, last started TEST_QUERYDIR_EXISTS, failing []	agrees with 1	agrees with 1	same
base/bif/TIME.testGroup	whole	5	1: 5 pass, assertions 524, rc 0, last started TEST_9, failing []	agrees with 1	agrees with 1	same
base/bif/TIME.testGroup	derived	5	1: 5 pass, assertions 81, rc 0, last started TEST_9, failing []	agrees with 1	agrees with 1	same
base/class/Alarm.testGroup	whole	5	1: 5 pass, assertions 68, rc 0, last started TEST_BASE_ALARM, failing []	agrees with 1	agrees with 1	same
base/class/Alarm.testGroup	derived	5	1: 5 pass, assertions 68, rc 0, last started TEST_BASE_ALARM, failing []	agrees with 1	agrees with 1	same
base/class/Class.testGroup	whole	30	1: 30 pass, assertions 312, rc 0, last started TEST_UNINHERIT_TWO_ARGS, failing []	differs: failure, assertions 298, rc 1, last started TEST_UNINHERIT_TWO_ARGS, failing [TEST_ACTIVATE TEST_METHODS]; oracle Some("Assertions:         312"), ours Some("Assertions:         298")	differs: failure, assertions 298, rc 1, last started TEST_UNINHERIT_TWO_ARGS, failing [TEST_ACTIVATE TEST_METHODS]; oracle Some("Assertions:         312"), ours Some("Assertions:         298")	same
base/class/Class.testGroup	derived	5	1: 5 pass, assertions 4, rc 0, last started TEST_SUBCLASSES, failing []	agrees with 1	agrees with 1	same
base/class/DateTime.testGroup	whole	5	1: 5 pass, assertions 629, rc 0, last started TEST_YEAR_ETC, failing []	agrees with 1	agrees with 1	same
base/class/DateTime.testGroup	derived	5	1: 5 pass, assertions 1, rc 0, last started TEST_ELAPSED1, failing []	agrees with 1	agrees with 1	same
base/class/EventSemaphore.testGroup	whole	5	1: 5 pass, assertions 30, rc 0, last started TEST_WAIT_TWO_ARGS, failing []	agrees with 1	agrees with 1	same
base/class/EventSemaphore.testGroup	derived	5	1: 5 pass, assertions 30, rc 0, last started TEST_WAIT_TWO_ARGS, failing []	agrees with 1	agrees with 1	same
base/class/Message.testGroup	whole	30	1: 30 pass, assertions 279, rc 0, last started TEST_SUPER_OVERRIDE, failing []	differs: rexx-exec: method "MAKEARRAY" of class "Object" is not implemented (Phase 9), rc 120, last started TEST_REPLYWITH_NOT_ARRAY, failing []; oracle Some(""), ours None	differs: rexx-exec: method "MAKEARRAY" of class "Object" is not implemented (Phase 9), rc 120, last started TEST_REPLYWITH_NOT_ARRAY, failing []; oracle Some(""), ours None	same
base/class/Message.testGroup	rest	5	1: 5 pass, assertions 276, rc 0, last started TEST_SUPER_OVERRIDE, failing []	agrees with 1	agrees with 1	same
base/class/Message.testGroup	derived	30	1: 30 pass, assertions 189, rc 0, last started TEST_SUPER_OVERRIDE, failing []	differs: rexx-exec: method "MAKEARRAY" of class "Object" is not implemented (Phase 9), rc 120, last started TEST_REPLYWITH_NOT_ARRAY, failing []; oracle Some(""), ours None	differs: rexx-exec: method "MAKEARRAY" of class "Object" is not implemented (Phase 9), rc 120, last started TEST_REPLYWITH_NOT_ARRAY, failing []; oracle Some(""), ours None	same
base/class/Method.testGroup	whole	30	1: 30 pass, assertions 103, rc 0, last started TEST_SOURCE, failing []	differs: rexx-exec: method "NEW" of class "Method" is not implemented (Phase 9), rc 120, last started TEST_NEW_FOUR_ARGS, failing []; oracle Some(""), ours None	differs: rexx-exec: method "NEW" of class "Method" is not implemented (Phase 9), rc 120, last started TEST_NEW_FOUR_ARGS, failing []; oracle Some(""), ours None	same
base/class/Method.testGroup	rest	30	1: 30 pass, assertions 96, rc 0, last started TEST_SOURCE, failing []	differs: error, assertions 85, rc 2, last started TEST_SOURCE, failing [TEST_NEW_ARRAY_FROM_FILE TEST_NEW_FILE_COMPILED]; oracle Some("Assertions:         96"), ours Some("Assertions:         85")	differs: error, assertions 85, rc 2, last started TEST_SOURCE, failing [TEST_NEW_ARRAY_FROM_FILE TEST_NEW_FILE_COMPILED]; oracle Some("Assertions:         96"), ours Some("Assertions:         85")	same
base/class/Method.testGroup	derived	5	1: 5 pass, assertions 9, rc 0, last started TESTDIRECTIVES, failing []	agrees with 1	agrees with 1	same
base/class/MethodArgs.testGroup	whole	5	1: 5 pass, assertions 2232, rc 0, last started TEST_REQUEST_STRING_STRING, failing []	agrees with 1	agrees with 1	same
base/class/MethodArgs.testGroup	derived	5	1: 5 pass, assertions 2232, rc 0, last started TEST_REQUEST_STRING_STRING, failing []	agrees with 1	agrees with 1	same
base/class/MutexSemaphore.testGroup	whole	30	1: 30 pass, assertions 42, rc 0, last started TEST_RELEASE_ONE_ARG, failing []	agrees with 1	differs: rexx-exec: the run exceeded its deadline, rc none, last started TEST_RELEASE_ONE_ARG, failing []; oracle Some("Assertions:         42"), ours Some("Assertions:         41")	differ
base/class/MutexSemaphore.testGroup	derived	30	1: 30 pass, assertions 42, rc 0, last started TEST_RELEASE_ONE_ARG, failing []	agrees with 1	differs: rexx-exec: the run exceeded its deadline, rc none, last started TEST_RELEASE_ONE_ARG, failing []; oracle Some("Assertions:         42"), ours Some("Assertions:         41")	differ
base/class/Object.testGroup	whole	30	1: 30 pass, assertions 311, rc 0, last started TEST_UNSETMETHOD_NO_ARG, failing []	differs: rexx-exec: method "MAKEARRAY" of class "Object" is not implemented (Phase 9), rc 120, last started TEST_RUN_ARRAY_ARGUMENT, failing []; oracle Some(""), ours None	differs: rexx-exec: method "MAKEARRAY" of class "Object" is not implemented (Phase 9), rc 120, last started TEST_RUN_ARRAY_ARGUMENT, failing []; oracle Some(""), ours None	same
base/class/Object.testGroup	rest	30	1: 30 pass, assertions 309, rc 0, last started TEST_UNSETMETHOD_NO_ARG, failing []	differs: failure, assertions 250, rc 1, last started TEST_UNSETMETHOD_NO_ARG, failing [TEST_INSTANCEMETHOD TEST_RUN TEST_SETMETHOD TEST_SETMETHOD_SCOPE]; oracle Some("Assertions:         309"), ours Some("Assertions:         250")	differs: failure, assertions 250, rc 1, last started TEST_UNSETMETHOD_NO_ARG, failing [TEST_INSTANCEMETHOD TEST_RUN TEST_SETMETHOD TEST_SETMETHOD_SCOPE]; oracle Some("Assertions:         309"), ours Some("Assertions:         250")	same
base/class/Object.testGroup	derived	5	1: 5 pass, assertions 66, rc 0, last started TEST_START_OVERRIDE_NO_METHOD, failing []	agrees with 1	agrees with 1	same
base/class/RexxContext.testGroup	whole	30	1: 30 pass, assertions 359, rc 0, last started TEST_SOURCELINE_LAST_LINE, failing []	differs: rexx-exec: method "COPY" of class "RexxContext" is not implemented (Phase 9), rc 120, last started TESTCOPY01, failing []; oracle Some(""), ours None	differs: rexx-exec: method "COPY" of class "RexxContext" is not implemented (Phase 9), rc 120, last started TESTCOPY01, failing []; oracle Some(""), ours None	same
base/class/RexxContext.testGroup	rest	30	1: 30 pass, assertions 358, rc 0, last started TEST_SOURCELINE_LAST_LINE, failing []	differs: failure, assertions 357, rc 1, last started TEST_SOURCELINE_LAST_LINE, failing [TESTRS01]; oracle Some("Assertions:         358"), ours Some("Assertions:         357")	differs: failure, assertions 357, rc 1, last started TEST_SOURCELINE_LAST_LINE, failing [TESTRS01]; oracle Some("Assertions:         358"), ours Some("Assertions:         357")	same
base/class/RexxContext.testGroup	derived	5	1: 5 pass, assertions 17, rc 0, last started TEST_INTERPRETER_THREAD_INVOCATION, failing []	agrees with 1	agrees with 1	same
base/class/Ticker.testGroup	whole	5	1: 5 pass, assertions 87, rc 0, last started TEST_TICKER_TWO_ARGS_TIMESPAN_TRIGGER, failing []	agrees with 1	agrees with 1	same
base/class/Ticker.testGroup	derived	5	1: 5 pass, assertions 87, rc 0, last started TEST_TICKER_TWO_ARGS_TIMESPAN_TRIGGER, failing []	agrees with 1	agrees with 1	same
base/directives/ATTRIBUTE.testGroup	whole	30	1: 30 pass, assertions 304, rc 0, last started TEST_SET_RETURN, failing []	differs: error, assertions 276, rc 2, last started TEST_SET_RETURN, failing [TESTDELEGATE TESTMISPLACEDCLASSMETHOD]; oracle Some("Assertions:         304"), ours Some("Assertions:         276")	differs: error, assertions 276, rc 2, last started TEST_SET_RETURN, failing [TESTDELEGATE TESTMISPLACEDCLASSMETHOD]; oracle Some("Assertions:         304"), ours Some("Assertions:         276")	same
base/directives/ATTRIBUTE.testGroup	derived	30	1: 30 pass, assertions 214, rc 0, last started TESTDELEGATE, failing []	differs: failure, assertions 187, rc 1, last started TESTDELEGATE, failing [TESTDELEGATE]; oracle Some("Assertions:         214"), ours Some("Assertions:         187")	differs: failure, assertions 187, rc 1, last started TESTDELEGATE, failing [TESTDELEGATE]; oracle Some("Assertions:         214"), ours Some("Assertions:         187")	same
base/directives/CONSTANT.testGroup	whole	30	1: 30 pass, assertions 174, rc 0, last started TEST_SUBCLASS_DEFINITION, failing []	differs: error, assertions 173, rc 2, last started TEST_SUBCLASS_DEFINITION, failing [TEST_EXPRESSION_NOVALUE_ERROR]; oracle Some("Assertions:         174"), ours Some("Assertions:         173")	differs: error, assertions 173, rc 2, last started TEST_SUBCLASS_DEFINITION, failing [TEST_EXPRESSION_NOVALUE_ERROR]; oracle Some("Assertions:         174"), ours Some("Assertions:         173")	same
base/directives/CONSTANT.testGroup	derived	5	1: 5 pass, assertions 6, rc 0, last started TEST_CONSTANT_METHOD_PROPERTIES, failing []	agrees with 1	agrees with 1	same
base/directives/METHOD.testGroup	whole	30	1: 30 pass, assertions 232, rc 0, last started TEST_DELEGATE_TWICE, failing []	differs: rexx-exec: method "ITEMS" of class "StringTable" is not implemented (Phase 9), rc 120, last started TESTPACKAGE, failing []; oracle Some(""), ours None	differs: rexx-exec: method "ITEMS" of class "StringTable" is not implemented (Phase 9), rc 120, last started TESTPACKAGE, failing []; oracle Some(""), ours None	same
base/directives/METHOD.testGroup	rest	30	1: 30 pass, assertions 229, rc 0, last started TEST_DELEGATE_TWICE, failing []	differs: failure, assertions 179, rc 1, last started TEST_DELEGATE_TWICE, failing [TESTDELEGATE]; oracle Some("Assertions:         229"), ours Some("Assertions:         179")	differs: failure, assertions 179, rc 1, last started TEST_DELEGATE_TWICE, failing [TESTDELEGATE]; oracle Some("Assertions:         229"), ours Some("Assertions:         179")	same
base/directives/METHOD.testGroup	derived	30	1: 30 pass, assertions 117, rc 0, last started TESTGUARDEDACCESS, failing []	differs: failure, assertions 67, rc 1, last started TESTGUARDEDACCESS, failing [TESTDELEGATE]; oracle Some("Assertions:         117"), ours Some("Assertions:         67")	differs: failure, assertions 67, rc 1, last started TESTGUARDEDACCESS, failing [TESTDELEGATE]; oracle Some("Assertions:         117"), ours Some("Assertions:         67")	same
base/keyword/CALL.testGroup	whole	5	1: 5 pass, assertions 181, rc 0, last started TEST_SYMBOL, failing []	agrees with 1	agrees with 1	same
base/keyword/CALL.testGroup	derived	5	1: 5 pass, assertions 18, rc 0, last started TEST_4, failing []	agrees with 1	agrees with 1	same
base/keyword/GUARD.testGroup	whole	5	1: 5 pass, assertions 26, rc 0, last started TEST_WHEN_USE_LOCAL_NO_WAIT, failing []	agrees with 1	agrees with 1	same
base/keyword/GUARD.testGroup	derived	5	1: 5 pass, assertions 17, rc 0, last started TEST_WHEN_USE_LOCAL_NO_WAIT, failing []	agrees with 1	agrees with 1	same
base/keyword/RAISE.testGroup	whole	30	1: 30 pass, assertions 130, rc 0, last started TEST_RAISE_USER, failing []	differs: failure, assertions 120, rc 1, last started TEST_RAISE_USER, failing [TEST_RAISE_INSERT_CRLF TEST_RAISE_PROPAGATE TEST_RAISE_SYNTAX_EXIT_02 TEST_RAISE_SYNTAX_RETURN_02]; oracle Some("Assertions:         130"), ours Some("Assertions:         120")	differs: failure, assertions 120, rc 1, last started TEST_RAISE_USER, failing [TEST_RAISE_INSERT_CRLF TEST_RAISE_PROPAGATE TEST_RAISE_SYNTAX_EXIT_02 TEST_RAISE_SYNTAX_RETURN_02]; oracle Some("Assertions:         130"), ours Some("Assertions:         120")	same
base/keyword/RAISE.testGroup	derived	30	1: 30 pass, assertions 1, rc 0, last started TEST_RAISE_INSERT_CRLF, failing []	differs: failure, assertions 0, rc 1, last started TEST_RAISE_INSERT_CRLF, failing [TEST_RAISE_INSERT_CRLF]; oracle Some("Assertions:         1"), ours Some("Assertions:         0")	differs: failure, assertions 0, rc 1, last started TEST_RAISE_INSERT_CRLF, failing [TEST_RAISE_INSERT_CRLF]; oracle Some("Assertions:         1"), ours Some("Assertions:         0")	same
base/keyword/REPLY.testGroup	whole	30	1: 8 pass, assertions 17, rc 0, last started TEST_REPLY__CODE_RETURN, failing []; 2: 5 pass, assertions 12, rc 0, last started TEST_REPLY__CODE_RETURN, failing []; 3: 4 pass, assertions 18, rc 0, last started TEST_REPLY__CODE_RETURN, failing []; 4: 3 pass, assertions 15, rc 0, last started TEST_REPLY__CODE_RETURN, failing []; 5: 3 pass, assertions 13, rc 0, last started TEST_REPLY__CODE_RETURN, failing []; 6: 2 pass, assertions 11, rc 0, last started TEST_REPLY__CODE_RETURN, failing []; 7: 2 pass, assertions 16, rc 0, last started TEST_REPLY__CODE_RETURN, failing []; 8: 1 pass, assertions 19, rc 0, last started TEST_REPLY__CODE_RETURN, failing []; 9: 1 pass, assertions 14, rc 0, last started TEST_REPLY__CODE_RETURN, failing []; 10: 1 pass, assertions 10, rc 0, last started TEST_REPLY__CODE_RETURN, failing []	agrees with 6	agrees with 8	differ
base/keyword/REPLY.testGroup	derived	30	1: 6 pass, assertions 17, rc 0, last started TEST_REPLY__CODE_RETURN, failing []; 2: 6 pass, assertions 11, rc 0, last started TEST_REPLY__CODE_RETURN, failing []; 3: 4 pass, assertions 15, rc 0, last started TEST_REPLY__CODE_RETURN, failing []; 4: 3 pass, assertions 13, rc 0, last started TEST_REPLY__CODE_RETURN, failing []; 5: 3 pass, assertions 10, rc 0, last started TEST_REPLY__CODE_RETURN, failing []; 6: 3 pass, assertions 16, rc 0, last started TEST_REPLY__CODE_RETURN, failing []; 7: 2 pass, assertions 18, rc 0, last started TEST_REPLY__CODE_RETURN, failing []; 8: 1 pass, assertions 12, rc 0, last started TEST_REPLY__CODE_RETURN, failing []; 9: 1 pass, assertions 9, rc 0, last started TEST_REPLY__CODE_RETURN, failing []; 10: 1 pass, assertions 14, rc 0, last started TEST_REPLY__CODE_RETURN, failing []	agrees with 5	agrees with 7	differ
base/keyword/TRACE.testGroup	whole	30	1: 30 pass, assertions 147, rc 0, last started TEST_TRACE_VALUE_NUMERIC_INVALID, failing []	differs: error, assertions 129, rc 2, last started TEST_TRACE_VALUE_NUMERIC_INVALID, failing [TEST_TRACE_DROP TEST_TRACE_EXIT TEST_TRACE_EXPOSE TEST_TRACE_IGNORED TEST_TRACE_LABEL_WITH_FORWARD TEST_TRACE_OTHER_ENTRYPOINT TEST_TRACE_PROCEDURE]; oracle Some("Assertions:         147"), ours Some("Assertions:         129")	differs: error, assertions 129, rc 2, last started TEST_TRACE_VALUE_NUMERIC_INVALID, failing [TEST_TRACE_DROP TEST_TRACE_EXIT TEST_TRACE_EXPOSE TEST_TRACE_IGNORED TEST_TRACE_LABEL_WITH_FORWARD TEST_TRACE_OTHER_ENTRYPOINT TEST_TRACE_PROCEDURE]; oracle Some("Assertions:         147"), ours Some("Assertions:         129")	same
base/keyword/TRACE.testGroup	derived	5	1: 5 pass, assertions 2, rc 0, last started TEST_TRACE_REPLY, failing []	agrees with 1	agrees with 1	same
base/keyword/TRACE_TraceObject.testGroup	whole	30	1: 30 pass, assertions 1149, rc 0, last started TEST_VARIABLE, failing []	differs: error, assertions 18, rc 2, last started TEST_VARIABLE, failing [TEST_CALLER_STACK_FRAME_REPLY_START TEST_OBJECT_AND_SCOPE TEST_VARIABLE TEST_CALLER_STACK_FRAME TEST_TRACEOBJECT_COLLECTOR]; oracle Some("Assertions:         1149"), ours Some("Assertions:         18")	differs: error, assertions 18, rc 2, last started TEST_VARIABLE, failing [TEST_CALLER_STACK_FRAME_REPLY_START TEST_OBJECT_AND_SCOPE TEST_VARIABLE TEST_CALLER_STACK_FRAME TEST_TRACEOBJECT_COLLECTOR]; oracle Some("Assertions:         1149"), ours Some("Assertions:         18")	differ
base/keyword/TRACE_TraceObject.testGroup	derived	30	1: 30 pass, assertions 605, rc 0, last started TEST_TRACEOBJECT_COLLECTOR, failing []	differs: error, assertions 2, rc 2, last started TEST_TRACEOBJECT_COLLECTOR, failing [TEST_CALLER_STACK_FRAME_REPLY_START TEST_TRACEOBJECT_COLLECTOR]; oracle Some("Assertions:         605"), ours Some("Assertions:         2")	differs: error, assertions 2, rc 2, last started TEST_TRACEOBJECT_COLLECTOR, failing [TEST_CALLER_STACK_FRAME_REPLY_START TEST_TRACEOBJECT_COLLECTOR]; oracle Some("Assertions:         605"), ours Some("Assertions:         2")	differ
base/rexxutil/SysSleep.testGroup	whole	5	1: 5 pass, assertions 23, rc 0, last started TEST_SLEEP_TWO_ARGS, failing []	agrees with 1	agrees with 1	same
base/rexxutil/SysSleep.testGroup	derived	5	1: 5 pass, assertions 23, rc 0, last started TEST_SLEEP_TWO_ARGS, failing []	agrees with 1	agrees with 1	same
base/special.variables/RESULT_RC_SIGL.testGroup	whole	5	1: 5 pass, assertions 52, rc 0, last started TEST_SIGL, failing []	agrees with 1	agrees with 1	same
base/special.variables/RESULT_RC_SIGL.testGroup	derived	5	1: 5 pass, assertions 5, rc 0, last started TEST_RESULT_WITH_REPLY, failing []	agrees with 1	agrees with 1	same
doc/rexxref/chapter5/Section1.testGroup	whole	30	1: 30 pass, assertions 17, rc 0, last started TEST_OBJECT_START, failing []	differs: rexx-exec: method "OBJECTNAME=" of class "Object" is not implemented (Phase 9), rc 120, last started TEST_OBJECT_OBJECTNAMEEQUALS, failing []; oracle Some(""), ours None	differs: rexx-exec: method "OBJECTNAME=" of class "Object" is not implemented (Phase 9), rc 120, last started TEST_OBJECT_OBJECTNAMEEQUALS, failing []; oracle Some(""), ours None	same
doc/rexxref/chapter5/Section1.testGroup	rest	5	1: 5 pass, assertions 12, rc 0, last started TEST_OBJECT_START, failing []	agrees with 1	agrees with 1	same
doc/rexxref/chapter5/Section1.testGroup	derived	5	1: 5 pass, assertions 6, rc 0, last started TEST_OBJECT_START, failing []	agrees with 1	agrees with 1	same
regressions/bug2003_guard_when.testGroup	whole	5	1: 5 pass, assertions 12, rc 0, last started TEST_GUARD_WHEN_1, failing []	agrees with 1	agrees with 1	same
regressions/bug2003_guard_when.testGroup	derived	5	1: 5 pass, assertions 12, rc 0, last started TEST_GUARD_WHEN_1, failing []	agrees with 1	agrees with 1	same

listed as differing, agreeing: ["base/bif/TIME.testGroup whole normal", "base/bif/TIME.testGroup whole every", "base/bif/TIME.testGroup derived normal", "base/bif/TIME.testGroup derived every", "base/keyword/CALL.testGroup derived normal", "base/keyword/CALL.testGroup derived every", "base/keyword/REPLY.testGroup whole every", "base/keyword/REPLY.testGroup derived every"]
