table	jmp	idx	variant	target	line	rexxcps	varlookup	arith	emptyloop	dispatch	compound
0x4025c	1e1932	0	Clause	0x1e1934	rexx_run.c1f58fc545b59ff3-cgu.0:?	1120000	0	0	0	0	0
0x4025c	1e1932	1	TraceKeyword	0x1e4e31	drive.rs:2069	0	0	0	0	0	0
0x4025c	1e1932	2	LoopHeaderValue	0x1e4e31	drive.rs:2069	0	0	0	0	0	0
0x4025c	1e1932	3	LoopRun	0x1e4e31	drive.rs:2069	0	0	0	0	0	0
0x4025c	1e1932	4	LoopNext	0x1e1def	drive.rs:2039	0	0	0	0	0	0
0x4025c	1e1932	5	TraceClause	0x1e4e31	drive.rs:2069	0	0	0	0	0	0
0x4025c	1e1932	6	EvalExpr	0x1e4e31	drive.rs:2069	0	0	0	0	0	0
0x4025c	1e1932	7	CallExpr	0x1e4e31	drive.rs:2069	0	0	0	0	0	0
0x4025c	1e1932	8	PushArg	0x1e4e31	drive.rs:2069	0	0	0	0	0	0
0x4025c	1e1932	9	TraceArgument	0x1e4e31	drive.rs:2069	0	0	0	0	0	0
0x4025c	1e1932	10	CallArgs	0x1e4e31	drive.rs:2069	0	0	0	0	0	0
0x4025c	1e1932	11	TraceFunction	0x1e4e31	drive.rs:2069	0	0	0	0	0	0
0x4025c	1e1932	12	SelectCaseText	0x1e1e95	drive.rs:1990	0	0	0	0	0	0
0x4025c	1e1932	13	WhenTest	0x1e4e31	drive.rs:2069	0	0	0	0	0	0
0x4025c	1e1932	14	EndBranch	0x1e1eca	drive.rs:2009	0	0	0	0	0	0
0x4025c	1e1932	15	EndWhen	0x1e1ff9	drive.rs:2012	0	0	0	0	0	0
0x4025c	1e1932	16	EnterWhen	0x1e1f22	drive.rs:2025	0	0	0	0	0	0
0x4025c	1e1932	17	EnterOtherwise	0x1e208c	drive.rs:2031	0	0	0	0	0	0
0x4025c	1e1932	18	Const	0x1e4e31	drive.rs:2069	0	0	0	0	0	0
0x4025c	1e1932	19	LoadConstant	0x1e4e31	drive.rs:2069	0	0	0	0	0	0
0x4025c	1e1932	20	TraceLiteral	0x1e4e31	drive.rs:2069	0	0	0	0	0	0
0x4025c	1e1932	21	Load	0x1e4e31	drive.rs:2069	0	0	0	0	0	0
0x4025c	1e1932	22	TraceRead	0x1e4e31	drive.rs:2069	0	0	0	0	0	0
0x4025c	1e1932	23	Arith	0x1e4e31	drive.rs:2069	0	0	0	0	0	0
0x4025c	1e1932	24	Binary	0x1e4e31	drive.rs:2069	0	0	0	0	0	0
0x4025c	1e1932	25	TraceOperator	0x1e4e31	drive.rs:2069	0	0	0	0	0	0
0x4025c	1e1932	26	Prefix	0x1e4e31	drive.rs:2069	0	0	0	0	0	0
0x4025c	1e1932	27	TracePrefix	0x1e4e31	drive.rs:2069	0	0	0	0	0	0
0x4025c	1e1932	28	Store	0x1e4e31	drive.rs:2069	0	0	0	0	0	0
0x4025c	1e1932	29	Say	0x1e4e31	drive.rs:2069	0	0	0	0	0	0
0x4025c	1e1932	30	Signal	0x1e4e31	drive.rs:2069	0	0	0	0	0	0
0x4025c	1e1932	31	Parse	0x1e4e31	drive.rs:2069	0	0	0	0	0	0
0x4025c	1e1932	32	Return	0x1e4e31	drive.rs:2069	0	0	0	0	0	0
0x4025c	1e1932	33	Queue	0x1e4e31	drive.rs:2069	0	0	0	0	0	0
0x4025c	1e1932	34	Call	0x1e4e31	drive.rs:2069	0	0	0	0	0	0
0x4025c	1e1932	35	CallNamed	0x1e4e31	drive.rs:2069	0	0	0	0	0	0
0x4025c	1e1932	36	Message	0x1e4e31	drive.rs:2069	0	0	0	0	0	0
0x4025c	1e1932	37	Expose	0x1e4e31	drive.rs:2069	0	0	0	0	0	0
0x4025c	1e1932	38	Exec	0x1e4e31	drive.rs:2069	0	0	0	0	0	0
0x4025c	1e1932	39	Escape	0x1e4e31	drive.rs:2069	0	0	0	0	0	0
0x4025c	1e1932	40	Jump	0x1e1dd8	drive.rs:1978	0	0	0	0	0	0
0x4025c	1e1932	41	JumpUnless	0x1e3915	drive.rs:1449	0	0	0	0	0	0
0x4025c	1e1932	42	ConditionJump	0x1e286a	drive.rs:1822	0	0	0	0	0	0
0x403ac	1e24fd	0	Clause	0x1e39b9	rexx_run.c1f58fc545b59ff3-cgu.0:?	0	0	0	0	0	0
0x403ac	1e24fd	1	TraceKeyword	0x1e2917	drive.rs:1809	0	0	0	0	0	0
0x403ac	1e24fd	2	LoopHeaderValue	0x1e284b	drive.rs:1822	0	0	0	0	0	0
0x403ac	1e24fd	3	LoopRun	0x1e3a1b	mod.rs:?	0	0	0	0	0	0
0x403ac	1e24fd	4	LoopNext	0x1e3957	drive.rs:?	0	0	0	0	0	0
0x403ac	1e24fd	5	TraceClause	0x1e2aff	drive.rs:602	0	0	0	0	0	0
0x403ac	1e24fd	6	EvalExpr	0x1e2ac1	drive.rs:847	0	0	0	0	0	0
0x403ac	1e24fd	7	CallExpr	0x1e2a66	drive.rs:719	0	0	0	0	0	0
0x403ac	1e24fd	8	PushArg	0x1e2b40	drive.rs:761	0	0	0	0	0	0
0x403ac	1e24fd	9	TraceArgument	0x1e24ff	drive.rs:767	0	0	0	0	0	0
0x403ac	1e24fd	10	CallArgs	0x1e2cec	drive.rs:?	0	0	0	0	0	0
0x403ac	1e24fd	11	TraceFunction	0x1e2534	drive.rs:831	0	0	0	0	0	0
0x403ac	1e24fd	12	SelectCaseText	0x1e3724	roots.rs:?	0	0	0	0	0	0
0x403ac	1e24fd	13	WhenTest	0x1e2c1d	drive.rs:?	0	0	0	0	0	0
0x403ac	1e24fd	14	EndBranch	0x1e3677	drive.rs:?	0	0	0	0	0	0
0x403ac	1e24fd	15	EndWhen	0x1e3786	mod.rs:?	0	0	0	0	0	0
0x403ac	1e24fd	16	EnterWhen	0x1e3885	drive.rs:?	0	0	0	0	0	0
0x403ac	1e24fd	17	EnterOtherwise	0x1e3b25	drive.rs:?	0	0	0	0	0	0
0x403ac	1e24fd	18	Const	0x1e2d4c	drive.rs:877	0	0	0	0	0	0
0x403ac	1e24fd	19	LoadConstant	0x1e2783	drive.rs:916	1120000	0	0	0	0	0
0x403ac	1e24fd	20	TraceLiteral	0x1e25a0	drive.rs:964	0	0	0	0	0	0
0x403ac	1e24fd	21	Load	0x1e2671	drive.rs:985	1120000	0	0	0	0	0
0x403ac	1e24fd	22	TraceRead	0x1e2600	drive.rs:1052	0	0	0	0	0	0
0x403ac	1e24fd	23	Arith	0x1e2e2e	drive.rs:1086	560000	0	0	0	0	0
0x403ac	1e24fd	24	Binary	0x1e2726	drive.rs:1147	560000	0	0	0	0	0
0x403ac	1e24fd	25	TraceOperator	0x1e25ce	drive.rs:1181	0	0	0	0	0	0
0x403ac	1e24fd	26	Prefix	0x1e2bbd	drive.rs:1208	0	0	0	0	0	0
0x403ac	1e24fd	27	TracePrefix	0x1e2636	drive.rs:1239	0	0	0	0	0	0
0x403ac	1e24fd	28	Store	0x1e29a6	drive.rs:?	560000	0	0	0	0	0
0x403ac	1e24fd	29	Say	0x1e27fc	drive.rs:1398	0	0	0	0	0	0
0x403ac	1e24fd	30	Signal	0x1e3a90	run.rs:?	0	0	0	0	0	0
0x403ac	1e24fd	31	Parse	0x1e36d9	mod.rs:?	0	0	0	0	0	0
0x403ac	1e24fd	32	Return	0x1e38e7	drive.rs:1449	0	0	0	0	0	0
0x403ac	1e24fd	33	Queue	0x1e2952	drive.rs:1508	0	0	0	0	0	0
0x403ac	1e24fd	34	Call	0x1e3b87	mod.rs:?	0	0	0	0	0	0
0x403ac	1e24fd	35	CallNamed	0x1e3c9d	drive.rs:1580	0	0	0	0	0	0
0x403ac	1e24fd	36	Message	0x1e362b	drive.rs:?	0	0	0	0	0	0
0x403ac	1e24fd	37	Expose	0x1e391d	roots.rs:?	0	0	0	0	0	0
0x403ac	1e24fd	38	Exec	0x1e35c5	drive.rs:1630	0	0	0	0	0	0
0x403ac	1e24fd	39	Escape	0x1e37e8	mod.rs:?	0	0	0	0	0	0
0x403ac	1e24fd	40	Jump	0x1e35af	drive.rs:?	0	0	0	0	0	0
0x403ac	1e24fd	41	JumpUnless	0x1e2ddf	drive.rs:1752	0	0	0	0	0	0
0x403ac	1e24fd	42	ConditionJump	0x1e2b5f	drive.rs:1704	560000	0	0	0	0	0
0x40300	1e2524	0	Clause	0x1e39b9	rexx_run.c1f58fc545b59ff3-cgu.0:?	0	0	0	0	0	0
0x40300	1e2524	1	TraceKeyword	0x1e290e	drive.rs:1809	0	0	0	0	0	0
0x40300	1e2524	2	LoopHeaderValue	0x1e2842	drive.rs:1822	0	0	0	0	0	0
0x40300	1e2524	3	LoopRun	0x1e3a1b	mod.rs:?	0	0	0	0	0	0
0x40300	1e2524	4	LoopNext	0x1e3957	drive.rs:?	0	0	0	0	0	0
0x40300	1e2524	5	TraceClause	0x1e2af6	drive.rs:675	0	0	0	0	0	0
0x40300	1e2524	6	EvalExpr	0x1e2ab8	drive.rs:847	0	0	0	0	0	0
0x40300	1e2524	7	CallExpr	0x1e2a5d	drive.rs:719	0	0	0	0	0	0
0x40300	1e2524	8	PushArg	0x1e2b37	drive.rs:761	0	0	0	0	0	0
0x40300	1e2524	9	TraceArgument	0x1e2526	drive.rs:?	3360000	0	0	0	0	0
0x40300	1e2524	10	CallArgs	0x1e2ce3	drive.rs:792	0	0	0	0	0	0
0x40300	1e2524	11	TraceFunction	0x1e2526	drive.rs:?	3360000	0	0	0	0	0
0x40300	1e2524	12	SelectCaseText	0x1e3724	roots.rs:?	0	0	0	0	0	0
0x40300	1e2524	13	WhenTest	0x1e2c14	drive.rs:1764	0	0	0	0	0	0
0x40300	1e2524	14	EndBranch	0x1e3677	drive.rs:?	0	0	0	0	0	0
0x40300	1e2524	15	EndWhen	0x1e3786	mod.rs:?	0	0	0	0	0	0
0x40300	1e2524	16	EnterWhen	0x1e3885	drive.rs:?	0	0	0	0	0	0
0x40300	1e2524	17	EnterOtherwise	0x1e3b25	drive.rs:?	0	0	0	0	0	0
0x40300	1e2524	18	Const	0x1e2d43	drive.rs:877	0	0	0	0	0	0
0x40300	1e2524	19	LoadConstant	0x1e277a	drive.rs:916	1120000	0	0	0	0	0
0x40300	1e2524	20	TraceLiteral	0x1e2526	drive.rs:?	3360000	0	0	0	0	0
0x40300	1e2524	21	Load	0x1e2668	drive.rs:985	1120000	0	0	0	0	0
0x40300	1e2524	22	TraceRead	0x1e2526	drive.rs:?	3360000	0	0	0	0	0
0x40300	1e2524	23	Arith	0x1e2e25	drive.rs:1086	560000	0	0	0	0	0
0x40300	1e2524	24	Binary	0x1e271d	drive.rs:1147	560000	0	0	0	0	0
0x40300	1e2524	25	TraceOperator	0x1e2526	drive.rs:?	3360000	0	0	0	0	0
0x40300	1e2524	26	Prefix	0x1e2bb4	drive.rs:1208	0	0	0	0	0	0
0x40300	1e2524	27	TracePrefix	0x1e2526	drive.rs:?	3360000	0	0	0	0	0
0x40300	1e2524	28	Store	0x1e299d	drive.rs:1258	560000	0	0	0	0	0
0x40300	1e2524	29	Say	0x1e27f3	drive.rs:1398	0	0	0	0	0	0
0x40300	1e2524	30	Signal	0x1e3a90	run.rs:?	0	0	0	0	0	0
0x40300	1e2524	31	Parse	0x1e36d9	mod.rs:?	0	0	0	0	0	0
0x40300	1e2524	32	Return	0x1e38e7	drive.rs:1449	0	0	0	0	0	0
0x40300	1e2524	33	Queue	0x1e2949	drive.rs:1508	0	0	0	0	0	0
0x40300	1e2524	34	Call	0x1e3b87	mod.rs:?	0	0	0	0	0	0
0x40300	1e2524	35	CallNamed	0x1e3c9d	drive.rs:1580	0	0	0	0	0	0
0x40300	1e2524	36	Message	0x1e362b	drive.rs:?	0	0	0	0	0	0
0x40300	1e2524	37	Expose	0x1e391d	roots.rs:?	0	0	0	0	0	0
0x40300	1e2524	38	Exec	0x1e35c5	drive.rs:1630	0	0	0	0	0	0
0x40300	1e2524	39	Escape	0x1e37e8	mod.rs:?	0	0	0	0	0	0
0x40300	1e2524	40	Jump	0x1e35af	drive.rs:?	0	0	0	0	0	0
0x40300	1e2524	41	JumpUnless	0x1e2dd6	drive.rs:1752	0	0	0	0	0	0
0x40300	1e2524	42	ConditionJump	0x1e2b56	drive.rs:1704	560000	0	0	0	0	0
# table at 0x40458 for jmp 1e4431 is not indexed by the op tag, skipped
