base	emptyloop	r1	0.434
pad1	emptyloop	r1	0.434
pad2	emptyloop	r1	0.432
pad3	emptyloop	r1	0.432
close	emptyloop	r1	0.449
base	pingpong/pingsem	r1	0.126
pad1	pingpong/pingsem	r1	0.123
pad2	pingpong/pingsem	r1	0.125
pad3	pingpong/pingsem	r1	0.122
close	pingpong/pingsem	r1	0.127
base	pingpong/pingguard	r1	0.119
pad1	pingpong/pingguard	r1	0.120
pad2	pingpong/pingguard	r1	0.120
pad3	pingpong/pingguard	r1	0.121
close	pingpong/pingguard	r1	0.122
pad1	emptyloop	r2	0.429
pad2	emptyloop	r2	0.431
pad3	emptyloop	r2	0.432
close	emptyloop	r2	0.451
base	emptyloop	r2	0.431
pad1	pingpong/pingsem	r2	0.122
pad2	pingpong/pingsem	r2	0.125
pad3	pingpong/pingsem	r2	0.126
close	pingpong/pingsem	r2	0.124
base	pingpong/pingsem	r2	0.126
pad1	pingpong/pingguard	r2	0.124
pad2	pingpong/pingguard	r2	0.121
pad3	pingpong/pingguard	r2	0.120
close	pingpong/pingguard	r2	0.125
base	pingpong/pingguard	r2	0.120
pad2	emptyloop	r3	0.429
pad3	emptyloop	r3	0.432
close	emptyloop	r3	0.450
base	emptyloop	r3	0.428
pad1	emptyloop	r3	0.426
pad2	pingpong/pingsem	r3	0.126
pad3	pingpong/pingsem	r3	0.119
close	pingpong/pingsem	r3	0.127
base	pingpong/pingsem	r3	0.120
pad1	pingpong/pingsem	r3	0.122
pad2	pingpong/pingguard	r3	0.123
pad3	pingpong/pingguard	r3	0.124
close	pingpong/pingguard	r3	0.127
base	pingpong/pingguard	r3	0.121
pad1	pingpong/pingguard	r3	0.127
pad3	emptyloop	r4	0.437
close	emptyloop	r4	0.449
base	emptyloop	r4	0.428
pad1	emptyloop	r4	0.423
pad2	emptyloop	r4	0.430
pad3	pingpong/pingsem	r4	0.121
close	pingpong/pingsem	r4	0.126
base	pingpong/pingsem	r4	0.125
pad1	pingpong/pingsem	r4	0.121
pad2	pingpong/pingsem	r4	0.124
pad3	pingpong/pingguard	r4	0.121
close	pingpong/pingguard	r4	0.122
base	pingpong/pingguard	r4	0.120
pad1	pingpong/pingguard	r4	0.119
pad2	pingpong/pingguard	r4	0.120
close	emptyloop	r5	0.448
base	emptyloop	r5	0.426
pad1	emptyloop	r5	0.429
pad2	emptyloop	r5	0.428
pad3	emptyloop	r5	0.431
close	pingpong/pingsem	r5	0.127
base	pingpong/pingsem	r5	0.120
pad1	pingpong/pingsem	r5	0.120
pad2	pingpong/pingsem	r5	0.119
pad3	pingpong/pingsem	r5	0.121
close	pingpong/pingguard	r5	0.123
base	pingpong/pingguard	r5	0.123
pad1	pingpong/pingguard	r5	0.120
pad2	pingpong/pingguard	r5	0.121
pad3	pingpong/pingguard	r5	0.117
