alloc	20345537944	-19.1633	+0.3726	ok	0.0000
alloc4c	3140691544	-2.5959	-1.1273	ok	0.0000
arith	11488858695	-0.2708	-0.0809	ok	0.0000
assign	18983599956	-3.3301	+0.7600	ok	0.0000
compound	8937498645	-3.6036	-2.7161	ok	0.0000
decloop	2469011410	-3.7488	-2.6434	ok	0.0000
decrender	4228327381	-2.7612	-1.1360	ok	0.0000
dispatch	20974503424	+2.3981	+2.3454	OVER	0.0000
dispatchclass	15826935681	-0.1467	+2.1717	ok	0.0000
emptyloop	7786100437	-16.3513	-15.9124	ok	0.0000
extcall	7549642102	-8.8346	-8.2715	ok	0.0000
fibcall	8451513416	+1.2680	+1.5229	OVER	0.0000
fibfunc	8266523802	+3.4750	+1.5672	OVER	0.0000
heapshape	2334068808	-28.8097	-1.6802	ok	0.0000
nop	9283341188	-1.6314	+0.4674	ok	0.0000
parse	1536337204	-0.3664	+0.1505	ok	0.0000
sayloop	109048868	-5.0208	-4.9392	ok	0.0000
sendloop	14053811252	+1.3750	+2.5566	OVER	0.0000
startup	58097756	+0.0406	+0.0478	ok	0.0000
strings	17537481969	-1.1933	+0.1925	ok	0.0000
textnum	1155146522	-1.8216	+0.2345	ok	0.0000
varlookup	13437530863	-9.6826	-7.0821	ok	0.0000
rexxcps	17794581994	-0.1278	+0.7408	ok	0.0000
